run_id,date,asset,prediction,actual_return
baseline_ridge,2011-03-01,A000,0.4661526398608087,-0.0091808789262993
baseline_ridge,2011-03-01,A001,0.4528844749961082,-0.0016885156635156
baseline_ridge,2011-03-01,A002,0.383853436518701,-0.0038856763090775
baseline_ridge,2011-03-01,A003,0.600113050824345,0.0307451318446793
baseline_ridge,2011-03-01,A004,0.580479177748395,-0.02200631936133
baseline_ridge,2011-03-01,A005,0.6783778428169955,0.0297279523590042
baseline_ridge,2011-03-01,A006,0.6306334416505261,0.0082640608342211
baseline_ridge,2011-03-01,A007,0.6059780222413524,0.012252245859251
baseline_ridge,2011-03-01,A008,0.6852309048303473,0.0321552817867419
baseline_ridge,2011-03-01,A009,0.6451687426098737,0.0004529099813704
baseline_ridge,2011-03-01,A010,0.7950771525370606,0.0071152307256658
baseline_ridge,2011-03-01,A011,0.2497280443202018,-0.0356057037997052
baseline_ridge,2011-03-01,A012,0.5788561046617132,0.0015808356907213
baseline_ridge,2011-03-01,A013,0.4157743356395544,-0.0058673968646965
baseline_ridge,2011-03-01,A014,0.4819772121678288,-0.0085007202899295
baseline_ridge,2011-03-01,A015,0.5344963732018851,0.0106955246094036
baseline_ridge,2011-03-01,A016,0.0828277919083487,-0.0392086151152925
baseline_ridge,2011-03-01,A017,0.2941332342403166,-0.0072768829319287
baseline_ridge,2011-03-01,A018,0.7686674793160966,0.026345035576371
baseline_ridge,2011-03-01,A019,0.380129959015683,-0.0178233080710083
baseline_ridge,2011-04-01,A000,0.5832034211616156,-0.0284712553573274
baseline_ridge,2011-04-01,A001,0.8472267283616537,0.0374684930542903
baseline_ridge,2011-04-01,A002,0.8018204666446392,0.0153320207874357
baseline_ridge,2011-04-01,A003,0.8846687774670661,0.0417487616915204
baseline_ridge,2011-04-01,A004,0.7743399075273375,0.0275171262288646
baseline_ridge,2011-04-01,A005,0.5686001648234255,-0.0269750754206587
baseline_ridge,2011-04-01,A006,0.1545613993164285,-0.0072868079205745
baseline_ridge,2011-04-01,A007,0.8394016462889512,0.029437913642112
baseline_ridge,2011-04-01,A008,0.5967931387668841,-0.0071474110263847
baseline_ridge,2011-04-01,A009,0.985857143601804,0.030826341403618
baseline_ridge,2011-04-01,A010,0.3792658378127277,-0.0027607489173568
baseline_ridge,2011-04-01,A011,0.998016918170038,0.0275263432520944
baseline_ridge,2011-04-01,A012,0.4531882559484337,-0.0209478003853413
baseline_ridge,2011-04-01,A013,0.4061487477328446,-0.0231598584682176
baseline_ridge,2011-04-01,A014,0.8985642307385383,0.0339727940864105
baseline_ridge,2011-04-01,A015,0.1983313178533355,-0.0225487104062226
baseline_ridge,2011-04-01,A016,0.6116398811344317,0.0217932468323851
baseline_ridge,2011-04-01,A017,0.4305313401576316,-0.0366982213619263
baseline_ridge,2011-04-01,A018,1.0673618834018677,0.0472669249290673
baseline_ridge,2011-04-01,A019,0.4791238547195878,-0.013511000838171
baseline_ridge,2011-05-01,A000,0.8991633706593296,0.0351443163840719
baseline_ridge,2011-05-01,A001,0.7193228017884724,-0.0112941982293964
baseline_ridge,2011-05-01,A002,0.9209665435425024,0.0094350436850978
baseline_ridge,2011-05-01,A003,1.017301553183364,0.0179891819122189
baseline_ridge,2011-05-01,A004,0.8928065170192385,0.0294091612958136
baseline_ridge,2011-05-01,A005,0.488593257629296,-0.014621368265663
baseline_ridge,2011-05-01,A006,0.2618692118637994,-0.0049513982054179
baseline_ridge,2011-05-01,A007,0.782092676197723,0.0422658169760727
baseline_ridge,2011-05-01,A008,0.5347671282445055,-0.010775518984278
baseline_ridge,2011-05-01,A009,0.7372127996525442,0.0028752680999329
baseline_ridge,2011-05-01,A010,0.5482721393589368,-0.0099410447293096
baseline_ridge,2011-05-01,A011,0.7607314733034688,0.0358200578109382
baseline_ridge,2011-05-01,A012,0.2786068522322869,-0.0281948584714765
baseline_ridge,2011-05-01,A013,0.2167325215168239,-0.0433968591832211
baseline_ridge,2011-05-01,A014,0.4946649553371646,-0.0140923719989727
baseline_ridge,2011-05-01,A015,0.3424480900561967,0.0155522271766558
baseline_ridge,2011-05-01,A016,0.6003990880391157,0.0115065283482093
baseline_ridge,2011-05-01,A017,0.2650243332236787,-0.0230481905109516
baseline_ridge,2011-05-01,A018,0.8613926179435432,0.0156939176198423
baseline_ridge,2011-05-01,A019,0.6011452295698455,0.0097436254850538
baseline_ridge,2011-06-01,A000,0.7560600057302294,0.0158302880065404
baseline_ridge,2011-06-01,A001,0.4727319066970872,-0.0059785027884293
baseline_ridge,2011-06-01,A002,0.3767366640521329,-0.0213402654454322
baseline_ridge,2011-06-01,A003,0.460727867292388,-0.0261243257827932
baseline_ridge,2011-06-01,A004,0.5694294580895963,0.0108791824319921
baseline_ridge,2011-06-01,A005,0.5235206552713332,0.0062486640234391
baseline_ridge,2011-06-01,A006,0.6894294118005216,0.0305123578001777
baseline_ridge,2011-06-01,A007,0.2807646289121687,-0.0139338085161223
baseline_ridge,2011-06-01,A008,0.2890115656843668,-0.0394967222654292
baseline_ridge,2011-06-01,A009,1.153009260130614,0.0262700164530265
baseline_ridge,2011-06-01,A010,0.4860931143207085,-0.0159418853594593
baseline_ridge,2011-06-01,A011,0.6676717810300176,0.0211179079538988
baseline_ridge,2011-06-01,A012,0.7112186079697751,0.0060045119715519
baseline_ridge,2011-06-01,A013,0.3941312724847856,-0.0353972879718166
baseline_ridge,2011-06-01,A014,0.5308029136077397,0.0082926534859372
baseline_ridge,2011-06-01,A015,0.6449992816211632,0.0011630571447451
baseline_ridge,2011-06-01,A016,0.8778261468266775,0.0389950136808114
baseline_ridge,2011-06-01,A017,0.1951423149321497,-0.0318501890197144
baseline_ridge,2011-06-01,A018,0.2842171903696747,-0.0063429164985771
baseline_ridge,2011-06-01,A019,0.4452510344940601,-0.0130218083944898
baseline_ridge,2011-07-01,A000,0.4088374682257267,-0.0329521905707636
baseline_ridge,2011-07-01,A001,0.741720886932697,0.0264426042541644
baseline_ridge,2011-07-01,A002,0.4832194643991977,-0.0265987287515734
baseline_ridge,2011-07-01,A003,0.214501912142951,-0.0188198039479752
baseline_ridge,2011-07-01,A004,0.6987473937794096,0.0120148286132278
baseline_ridge,2011-07-01,A005,0.2670615325288824,-0.054823195543119
baseline_ridge,2011-07-01,A006,0.511907978962253,-0.0080954658437524
baseline_ridge,2011-07-01,A007,0.6284655636614019,0.0087156406153949
baseline_ridge,2011-07-01,A008,0.5879652771064322,0.0187418564159157
baseline_ridge,2011-07-01,A009,0.6972787820879994,-0.0022131928781539
baseline_ridge,2011-07-01,A010,0.4394158803278502,-0.0267272499354414
baseline_ridge,2011-07-01,A011,0.8951661630025309,0.0399293167566066
baseline_ridge,2011-07-01,A012,0.7395444640138215,0.0214597467914956
baseline_ridge,2011-07-01,A013,0.1747037298002822,-0.0336773339816415
baseline_ridge,2011-07-01,A014,0.7067900558709652,0.0348820873680171
baseline_ridge,2011-07-01,A015,0.9198216322468056,0.0223516376476695
baseline_ridge,2011-07-01,A016,0.8806322247183778,0.0373489761704721
baseline_ridge,2011-07-01,A017,0.5806395298872106,0.0080706728059094
baseline_ridge,2011-07-01,A018,0.5305823395400734,-0.0142589149208928
baseline_ridge,2011-07-01,A019,0.2018052552711586,-0.0215516577401235
baseline_ridge,2011-08-01,A000,0.4170731944391074,-0.0227136007249623
baseline_ridge,2011-08-01,A001,0.8025449066496605,0.0475622139810058
baseline_ridge,2011-08-01,A002,0.4126009975930673,-0.0294892127512378
baseline_ridge,2011-08-01,A003,0.2213728039871342,-0.0455428157443897
baseline_ridge,2011-08-01,A004,0.3099921557026595,0.004974856377802
baseline_ridge,2011-08-01,A005,0.2435342333891225,-0.0421790998857631
baseline_ridge,2011-08-01,A006,0.4757146293949404,-0.0267003770058086
baseline_ridge,2011-08-01,A007,0.7272432851149182,0.0291197782689658
baseline_ridge,2011-08-01,A008,0.5847672549593629,0.003818541257328
baseline_ridge,2011-08-01,A009,0.1983575000434266,-0.020655086067932
baseline_ridge,2011-08-01,A010,0.3979858402134831,-0.0346155235279207
baseline_ridge,2011-08-01,A011,1.016348431732964,0.0168341560596324
baseline_ridge,2011-08-01,A012,0.0807452479073482,-0.0388296694064998
baseline_ridge,2011-08-01,A013,0.1689594448901138,-0.0277379961502665
baseline_ridge,2011-08-01,A014,0.8092774025760601,0.0328229613175063
baseline_ridge,2011-08-01,A015,0.6075612506924821,0.014903273700356
baseline_ridge,2011-08-01,A016,0.7966551904096557,0.0178342420866714
baseline_ridge,2011-08-01,A017,0.4272693454223522,-0.0172005573449259
baseline_ridge,2011-08-01,A018,0.6777001765883617,0.0015819181569259
baseline_ridge,2011-08-01,A019,0.4572269626629903,-0.0297117978320962
baseline_random_forest,2011-03-01,A000,0.4979879325585848,-0.0091808789262993
baseline_random_forest,2011-03-01,A001,0.5330948355187485,-0.0016885156635156
baseline_random_forest,2011-03-01,A002,0.2660506921706276,-0.0038856763090775
baseline_random_forest,2011-03-01,A003,0.7297813437182443,0.0307451318446793
baseline_random_forest,2011-03-01,A004,0.3626352627134361,-0.02200631936133
baseline_random_forest,2011-03-01,A005,0.8244116910989113,0.0297279523590042
baseline_random_forest,2011-03-01,A006,0.755469679518249,0.0082640608342211
baseline_random_forest,2011-03-01,A007,0.6861101050940289,0.012252245859251
baseline_random_forest,2011-03-01,A008,0.8672516746759052,0.0321552817867419
baseline_random_forest,2011-03-01,A009,0.7801857064424617,0.0004529099813704
baseline_random_forest,2011-03-01,A010,0.706981178449411,0.0071152307256658
baseline_random_forest,2011-03-01,A011,0.1898519839962868,-0.0356057037997052
baseline_random_forest,2011-03-01,A012,0.7707438309319883,0.0015808356907213
baseline_random_forest,2011-03-01,A013,0.4059079905794102,-0.0058673968646965
baseline_random_forest,2011-03-01,A014,0.5455791740511011,-0.0085007202899295
baseline_random_forest,2011-03-01,A015,0.5782611454817002,0.0106955246094036
baseline_random_forest,2011-03-01,A016,0.1619260683730027,-0.0392086151152925
baseline_random_forest,2011-03-01,A017,0.3807695824470121,-0.0072768829319287
baseline_random_forest,2011-03-01,A018,0.7671014685905414,0.026345035576371
baseline_random_forest,2011-03-01,A019,0.2991782676701796,-0.0178233080710083
baseline_random_forest,2011-04-01,A000,0.4678747262170979,-0.0284712553573274
baseline_random_forest,2011-04-01,A001,0.7843488585173568,0.0374684930542903
baseline_random_forest,2011-04-01,A002,0.7117590221528559,0.0153320207874357
baseline_random_forest,2011-04-01,A003,0.8702823015198786,0.0417487616915204
baseline_random_forest,2011-04-01,A004,0.8047519417695498,0.0275171262288646
baseline_random_forest,2011-04-01,A005,0.4082584781255036,-0.0269750754206587
baseline_random_forest,2011-04-01,A006,0.1993270897474845,-0.0072868079205745
baseline_random_forest,2011-04-01,A007,0.8298377379374154,0.029437913642112
baseline_random_forest,2011-04-01,A008,0.7076025042209252,-0.0071474110263847
baseline_random_forest,2011-04-01,A009,0.8250053828183342,0.030826341403618
baseline_random_forest,2011-04-01,A010,0.3598460861246705,-0.0027607489173568
baseline_random_forest,2011-04-01,A011,0.9247326077495966,0.0275263432520944
baseline_random_forest,2011-04-01,A012,0.2649880811092472,-0.0209478003853413
baseline_random_forest,2011-04-01,A013,0.2479955976582228,-0.0231598584682176
baseline_random_forest,2011-04-01,A014,0.8543827118332019,0.0339727940864105
baseline_random_forest,2011-04-01,A015,0.2084075249195533,-0.0225487104062226
baseline_random_forest,2011-04-01,A016,0.7991956095045154,0.0217932468323851
baseline_random_forest,2011-04-01,A017,0.3254705701574362,-0.0366982213619263
baseline_random_forest,2011-04-01,A018,0.763327616526254,0.0472669249290673
baseline_random_forest,2011-04-01,A019,0.4591002061968881,-0.013511000838171
baseline_random_forest,2011-05-01,A000,0.8488335883012657,0.0351443163840719
baseline_random_forest,2011-05-01,A001,0.7773124768075534,-0.0112941982293964
baseline_random_forest,2011-05-01,A002,0.8092120221293815,0.0094350436850978
baseline_random_forest,2011-05-01,A003,0.904672691984359,0.0179891819122189
baseline_random_forest,2011-05-01,A004,0.8353078578556519,0.0294091612958136
baseline_random_forest,2011-05-01,A005,0.4948754191234145,-0.014621368265663
baseline_random_forest,2011-05-01,A006,0.2257816641433644,-0.0049513982054179
baseline_random_forest,2011-05-01,A007,0.800415308701434,0.0422658169760727
baseline_random_forest,2011-05-01,A008,0.5841973403795462,-0.010775518984278
baseline_random_forest,2011-05-01,A009,0.8522024572649572,0.0028752680999329
baseline_random_forest,2011-05-01,A010,0.5733598437802848,-0.0099410447293096
baseline_random_forest,2011-05-01,A011,0.8426826474770848,0.0358200578109382
baseline_random_forest,2011-05-01,A012,0.2816282784554464,-0.0281948584714765
baseline_random_forest,2011-05-01,A013,0.3128789873088441,-0.0433968591832211
baseline_random_forest,2011-05-01,A014,0.5477503272200966,-0.0140923719989727
baseline_random_forest,2011-05-01,A015,0.3930042626678289,0.0155522271766558
baseline_random_forest,2011-05-01,A016,0.5475766739877127,0.0115065283482093
baseline_random_forest,2011-05-01,A017,0.2160484328624429,-0.0230481905109516
baseline_random_forest,2011-05-01,A018,0.715495435623153,0.0156939176198423
baseline_random_forest,2011-05-01,A019,0.7325610275287049,0.0097436254850538
baseline_random_forest,2011-06-01,A000,0.7953139056791017,0.0158302880065404
baseline_random_forest,2011-06-01,A001,0.6024543567028088,-0.0059785027884293
baseline_random_forest,2011-06-01,A002,0.2878214316813455,-0.0213402654454322
baseline_random_forest,2011-06-01,A003,0.4090689127657213,-0.0261243257827932
baseline_random_forest,2011-06-01,A004,0.6692878292731235,0.0108791824319921
baseline_random_forest,2011-06-01,A005,0.4697875343697797,0.0062486640234391
baseline_random_forest,2011-06-01,A006,0.7082730880230881,0.0305123578001777
baseline_random_forest,2011-06-01,A007,0.2145942123384346,-0.0139338085161223
baseline_random_forest,2011-06-01,A008,0.3469695303717828,-0.0394967222654292
baseline_random_forest,2011-06-01,A009,0.7688106488187131,0.0262700164530265
baseline_random_forest,2011-06-01,A010,0.3476672925495913,-0.0159418853594593
baseline_random_forest,2011-06-01,A011,0.8352172622813121,0.0211179079538988
baseline_random_forest,2011-06-01,A012,0.759729806034154,0.0060045119715519
baseline_random_forest,2011-06-01,A013,0.2622145705880225,-0.0353972879718166
baseline_random_forest,2011-06-01,A014,0.6715789210598291,0.0082926534859372
baseline_random_forest,2011-06-01,A015,0.6713673596831492,0.0011630571447451
baseline_random_forest,2011-06-01,A016,0.8344041946491011,0.0389950136808114
baseline_random_forest,2011-06-01,A017,0.1982266327422538,-0.0318501890197144
baseline_random_forest,2011-06-01,A018,0.2983146825930746,-0.0063429164985771
baseline_random_forest,2011-06-01,A019,0.3600331645968208,-0.0130218083944898
baseline_random_forest,2011-07-01,A000,0.252181068768788,-0.0329521905707636
baseline_random_forest,2011-07-01,A001,0.7019660062160062,0.0264426042541644
baseline_random_forest,2011-07-01,A002,0.3961706221410168,-0.0265987287515734
baseline_random_forest,2011-07-01,A003,0.1906275556968926,-0.0188198039479752
baseline_random_forest,2011-07-01,A004,0.8072526660053035,0.0120148286132278
baseline_random_forest,2011-07-01,A005,0.1746950710718462,-0.054823195543119
baseline_random_forest,2011-07-01,A006,0.3045921858642446,-0.0080954658437524
baseline_random_forest,2011-07-01,A007,0.7590535816706484,0.0087156406153949
baseline_random_forest,2011-07-01,A008,0.6586163024353816,0.0187418564159157
baseline_random_forest,2011-07-01,A009,0.6734489603963287,-0.0022131928781539
baseline_random_forest,2011-07-01,A010,0.2439446907976656,-0.0267272499354414
baseline_random_forest,2011-07-01,A011,0.8879482304055892,0.0399293167566066
baseline_random_forest,2011-07-01,A012,0.6922895600379153,0.0214597467914956
baseline_random_forest,2011-07-01,A013,0.2413437063713766,-0.0336773339816415
baseline_random_forest,2011-07-01,A014,0.7917727154713248,0.0348820873680171
baseline_random_forest,2011-07-01,A015,0.7921825823047849,0.0223516376476695
baseline_random_forest,2011-07-01,A016,0.8176002450974479,0.0373489761704721
baseline_random_forest,2011-07-01,A017,0.5632397463146304,0.0080706728059094
baseline_random_forest,2011-07-01,A018,0.5907387566137567,-0.0142589149208928
baseline_random_forest,2011-07-01,A019,0.2158071014740906,-0.0215516577401235
baseline_random_forest,2011-08-01,A000,0.2981883133123009,-0.0227136007249623
baseline_random_forest,2011-08-01,A001,0.7809406392694082,0.0475622139810058
baseline_random_forest,2011-08-01,A002,0.4514799757290167,-0.0294892127512378
baseline_random_forest,2011-08-01,A003,0.1811744914504931,-0.0455428157443897
baseline_random_forest,2011-08-01,A004,0.3080083747297706,0.004974856377802
baseline_random_forest,2011-08-01,A005,0.2361512405004969,-0.0421790998857631
baseline_random_forest,2011-08-01,A006,0.3833097794632347,-0.0267003770058086
baseline_random_forest,2011-08-01,A007,0.8368115727660395,0.0291197782689658
baseline_random_forest,2011-08-01,A008,0.6429448555837873,0.003818541257328
baseline_random_forest,2011-08-01,A009,0.1948127267257701,-0.020655086067932
baseline_random_forest,2011-08-01,A010,0.388834459497865,-0.0346155235279207
baseline_random_forest,2011-08-01,A011,0.8340715358404085,0.0168341560596324
baseline_random_forest,2011-08-01,A012,0.2776270971379668,-0.0388296694064998
baseline_random_forest,2011-08-01,A013,0.1895128436619552,-0.0277379961502665
baseline_random_forest,2011-08-01,A014,0.8463940036014846,0.0328229613175063
baseline_random_forest,2011-08-01,A015,0.6652099226309751,0.014903273700356
baseline_random_forest,2011-08-01,A016,0.7957378654592664,0.0178342420866714
baseline_random_forest,2011-08-01,A017,0.4114676370328544,-0.0172005573449259
baseline_random_forest,2011-08-01,A018,0.6059527260179434,0.0015819181569259
baseline_random_forest,2011-08-01,A019,0.4991054208233001,-0.0297117978320962
baseline_mlp,2011-03-01,A000,0.3221019506454468,-0.0091808789262993
baseline_mlp,2011-03-01,A001,0.3374354243278503,-0.0016885156635156
baseline_mlp,2011-03-01,A002,0.2562055587768554,-0.0038856763090775
baseline_mlp,2011-03-01,A003,0.4343995451927185,0.0307451318446793
baseline_mlp,2011-03-01,A004,0.7220517992973328,-0.02200631936133
baseline_mlp,2011-03-01,A005,0.4122489690780639,0.0297279523590042
baseline_mlp,2011-03-01,A006,0.7945319414138794,0.0082640608342211
baseline_mlp,2011-03-01,A007,0.5872559547424316,0.012252245859251
baseline_mlp,2011-03-01,A008,0.3364309668540954,0.0321552817867419
baseline_mlp,2011-03-01,A009,0.4796406030654907,0.0004529099813704
baseline_mlp,2011-03-01,A010,0.6356435418128967,0.0071152307256658
baseline_mlp,2011-03-01,A011,0.2145070880651474,-0.0356057037997052
baseline_mlp,2011-03-01,A012,0.274424135684967,0.0015808356907213
baseline_mlp,2011-03-01,A013,0.7483019828796387,-0.0058673968646965
baseline_mlp,2011-03-01,A014,0.1896634846925735,-0.0085007202899295
baseline_mlp,2011-03-01,A015,0.146272525191307,0.0106955246094036
baseline_mlp,2011-03-01,A016,0.2946628332138061,-0.0392086151152925
baseline_mlp,2011-03-01,A017,0.240386500954628,-0.0072768829319287
baseline_mlp,2011-03-01,A018,0.4151976108551025,0.026345035576371
baseline_mlp,2011-03-01,A019,0.2614585161209106,-0.0178233080710083
baseline_mlp,2011-04-01,A000,0.3504490852355957,-0.0284712553573274
baseline_mlp,2011-04-01,A001,0.816613495349884,0.0374684930542903
baseline_mlp,2011-04-01,A002,0.6211791038513184,0.0153320207874357
baseline_mlp,2011-04-01,A003,0.6381731629371643,0.0417487616915204
baseline_mlp,2011-04-01,A004,0.6022223234176636,0.0275171262288646
baseline_mlp,2011-04-01,A005,0.4429007768630981,-0.0269750754206587
baseline_mlp,2011-04-01,A006,0.3459140658378601,-0.0072868079205745
baseline_mlp,2011-04-01,A007,0.8808894753456116,0.029437913642112
baseline_mlp,2011-04-01,A008,0.4862603545188904,-0.0071474110263847
baseline_mlp,2011-04-01,A009,0.669826328754425,0.030826341403618
baseline_mlp,2011-04-01,A010,0.5643254518508911,-0.0027607489173568
baseline_mlp,2011-04-01,A011,0.7969155311584473,0.0275263432520944
baseline_mlp,2011-04-01,A012,0.432447075843811,-0.0209478003853413
baseline_mlp,2011-04-01,A013,0.6330636143684387,-0.0231598584682176
baseline_mlp,2011-04-01,A014,0.6581258177757263,0.0339727940864105
baseline_mlp,2011-04-01,A015,0.328982412815094,-0.0225487104062226
baseline_mlp,2011-04-01,A016,0.7295064330101013,0.0217932468323851
baseline_mlp,2011-04-01,A017,0.4332857131958008,-0.0366982213619263
baseline_mlp,2011-04-01,A018,0.9024998545646667,0.0472669249290673
baseline_mlp,2011-04-01,A019,0.3364804983139038,-0.013511000838171
baseline_mlp,2011-05-01,A000,0.4278485774993896,0.0351443163840719
baseline_mlp,2011-05-01,A001,0.6468140482902527,-0.0112941982293964
baseline_mlp,2011-05-01,A002,0.5191429257392883,0.0094350436850978
baseline_mlp,2011-05-01,A003,0.5957134962081909,0.0179891819122189
baseline_mlp,2011-05-01,A004,0.4527276158332824,0.0294091612958136
baseline_mlp,2011-05-01,A005,0.4720689654350281,-0.014621368265663
baseline_mlp,2011-05-01,A006,0.4019550085067749,-0.0049513982054179
baseline_mlp,2011-05-01,A007,0.5654861330986023,0.0422658169760727
baseline_mlp,2011-05-01,A008,0.4389647245407104,-0.010775518984278
baseline_mlp,2011-05-01,A009,0.4926277995109558,0.0028752680999329
baseline_mlp,2011-05-01,A010,0.37433522939682,-0.0099410447293096
baseline_mlp,2011-05-01,A011,0.5208094716072083,0.0358200578109382
baseline_mlp,2011-05-01,A012,0.3236445188522339,-0.0281948584714765
baseline_mlp,2011-05-01,A013,0.3504875898361206,-0.0433968591832211
baseline_mlp,2011-05-01,A014,0.5198000073432922,-0.0140923719989727
baseline_mlp,2011-05-01,A015,0.352410078048706,0.0155522271766558
baseline_mlp,2011-05-01,A016,0.4418842196464538,0.0115065283482093
baseline_mlp,2011-05-01,A017,0.337757408618927,-0.0230481905109516
baseline_mlp,2011-05-01,A018,0.4335600137710571,0.0156939176198423
baseline_mlp,2011-05-01,A019,0.4315893650054931,0.0097436254850538
baseline_mlp,2011-06-01,A000,0.6689724922180176,0.0158302880065404
baseline_mlp,2011-06-01,A001,0.483557641506195,-0.0059785027884293
baseline_mlp,2011-06-01,A002,0.6442731618881226,-0.0213402654454322
baseline_mlp,2011-06-01,A003,0.5628778338432312,-0.0261243257827932
baseline_mlp,2011-06-01,A004,0.4718089699745178,0.0108791824319921
baseline_mlp,2011-06-01,A005,0.4538820385932922,0.0062486640234391
baseline_mlp,2011-06-01,A006,0.6300927996635437,0.0305123578001777
baseline_mlp,2011-06-01,A007,0.3362380266189575,-0.0139338085161223
baseline_mlp,2011-06-01,A008,0.3833660185337066,-0.0394967222654292
baseline_mlp,2011-06-01,A009,1.1508653163909912,0.0262700164530265
baseline_mlp,2011-06-01,A010,0.4564468264579773,-0.0159418853594593
baseline_mlp,2011-06-01,A011,0.6274582743644714,0.0211179079538988
baseline_mlp,2011-06-01,A012,0.6502468585968018,0.0060045119715519
baseline_mlp,2011-06-01,A013,0.3636993169784546,-0.0353972879718166
baseline_mlp,2011-06-01,A014,0.4991336464881897,0.0082926534859372
baseline_mlp,2011-06-01,A015,0.5254603624343872,0.0011630571447451
baseline_mlp,2011-06-01,A016,0.7660700678825378,0.0389950136808114
baseline_mlp,2011-06-01,A017,0.1944067478179931,-0.0318501890197144
baseline_mlp,2011-06-01,A018,0.5631932616233826,-0.0063429164985771
baseline_mlp,2011-06-01,A019,0.32632577419281,-0.0130218083944898
baseline_mlp,2011-07-01,A000,0.4364693760871887,-0.0329521905707636
baseline_mlp,2011-07-01,A001,0.5992882251739502,0.0264426042541644
baseline_mlp,2011-07-01,A002,0.4469126462936401,-0.0265987287515734
baseline_mlp,2011-07-01,A003,0.3352406024932861,-0.0188198039479752
baseline_mlp,2011-07-01,A004,0.535854697227478,0.0120148286132278
baseline_mlp,2011-07-01,A005,0.2937095761299133,-0.054823195543119
baseline_mlp,2011-07-01,A006,0.6099804639816284,-0.0080954658437524
baseline_mlp,2011-07-01,A007,0.8066626191139221,0.0087156406153949
baseline_mlp,2011-07-01,A008,0.3883136510848999,0.0187418564159157
baseline_mlp,2011-07-01,A009,0.5476853251457214,-0.0022131928781539
baseline_mlp,2011-07-01,A010,0.3236019611358642,-0.0267272499354414
baseline_mlp,2011-07-01,A011,0.6839264631271362,0.0399293167566066
baseline_mlp,2011-07-01,A012,0.4489620923995971,0.0214597467914956
baseline_mlp,2011-07-01,A013,0.4154784083366394,-0.0336773339816415
baseline_mlp,2011-07-01,A014,0.3894108533859253,0.0348820873680171
baseline_mlp,2011-07-01,A015,0.6518065929412842,0.0223516376476695
baseline_mlp,2011-07-01,A016,0.6728183031082153,0.0373489761704721
baseline_mlp,2011-07-01,A017,0.3322095274925232,0.0080706728059094
baseline_mlp,2011-07-01,A018,0.8348191976547241,-0.0142589149208928
baseline_mlp,2011-07-01,A019,0.4046823978424072,-0.0215516577401235
baseline_mlp,2011-08-01,A000,0.3496701717376709,-0.0227136007249623
baseline_mlp,2011-08-01,A001,0.6652888059616089,0.0475622139810058
baseline_mlp,2011-08-01,A002,0.3114234507083893,-0.0294892127512378
baseline_mlp,2011-08-01,A003,0.3528997302055359,-0.0455428157443897
baseline_mlp,2011-08-01,A004,0.4505958557128906,0.004974856377802
baseline_mlp,2011-08-01,A005,0.2854138910770416,-0.0421790998857631
baseline_mlp,2011-08-01,A006,0.4084168672561645,-0.0267003770058086
baseline_mlp,2011-08-01,A007,0.5686453580856323,0.0291197782689658
baseline_mlp,2011-08-01,A008,0.493507981300354,0.003818541257328
baseline_mlp,2011-08-01,A009,0.3789555132389068,-0.020655086067932
baseline_mlp,2011-08-01,A010,0.3146028816699981,-0.0346155235279207
baseline_mlp,2011-08-01,A011,0.9748003482818604,0.0168341560596324
baseline_mlp,2011-08-01,A012,0.3951733112335205,-0.0388296694064998
baseline_mlp,2011-08-01,A013,0.350055456161499,-0.0277379961502665
baseline_mlp,2011-08-01,A014,0.6628997921943665,0.0328229613175063
baseline_mlp,2011-08-01,A015,0.5073814392089844,0.014903273700356
baseline_mlp,2011-08-01,A016,0.7433992028236389,0.0178342420866714
baseline_mlp,2011-08-01,A017,0.4325407147407532,-0.0172005573449259
baseline_mlp,2011-08-01,A018,0.93512761592865,0.0015819181569259
baseline_mlp,2011-08-01,A019,0.3908306360244751,-0.0297117978320962
baseline_transformer,2011-03-01,A000,0.47328782081604,-0.0091808789262993
baseline_transformer,2011-03-01,A001,0.467162162065506,-0.0016885156635156
baseline_transformer,2011-03-01,A002,0.3142665326595306,-0.0038856763090775
baseline_transformer,2011-03-01,A003,0.5000466704368591,0.0307451318446793
baseline_transformer,2011-03-01,A004,0.5494678020477295,-0.02200631936133
baseline_transformer,2011-03-01,A005,0.3697443604469299,0.0297279523590042
baseline_transformer,2011-03-01,A006,0.729313850402832,0.0082640608342211
baseline_transformer,2011-03-01,A007,0.615278422832489,0.012252245859251
baseline_transformer,2011-03-01,A008,0.79756098985672,0.0321552817867419
baseline_transformer,2011-03-01,A009,0.4890365302562713,0.0004529099813704
baseline_transformer,2011-03-01,A010,0.8073078393936157,0.0071152307256658
baseline_transformer,2011-03-01,A011,0.2197781056165695,-0.0356057037997052
baseline_transformer,2011-03-01,A012,0.7341799139976501,0.0015808356907213
baseline_transformer,2011-03-01,A013,0.5582531094551086,-0.0058673968646965
baseline_transformer,2011-03-01,A014,0.3694697320461273,-0.0085007202899295
baseline_transformer,2011-03-01,A015,0.7167186737060547,0.0106955246094036
baseline_transformer,2011-03-01,A016,0.2964643537998199,-0.0392086151152925
baseline_transformer,2011-03-01,A017,0.3960667550563812,-0.0072768829319287
baseline_transformer,2011-03-01,A018,0.8081544041633606,0.026345035576371
baseline_transformer,2011-03-01,A019,0.4790481626987457,-0.0178233080710083
baseline_transformer,2011-04-01,A000,0.4998851418495178,-0.0284712553573274
baseline_transformer,2011-04-01,A001,0.8392496109008789,0.0374684930542903
baseline_transformer,2011-04-01,A002,0.6849998831748962,0.0153320207874357
baseline_transformer,2011-04-01,A003,0.8908291459083557,0.0417487616915204
baseline_transformer,2011-04-01,A004,0.7363863587379456,0.0275171262288646
baseline_transformer,2011-04-01,A005,0.6651225686073303,-0.0269750754206587
baseline_transformer,2011-04-01,A006,0.2206011861562729,-0.0072868079205745
baseline_transformer,2011-04-01,A007,0.8515260219573975,0.029437913642112
baseline_transformer,2011-04-01,A008,0.6608460545539856,-0.0071474110263847
baseline_transformer,2011-04-01,A009,0.8088088035583496,0.030826341403618
baseline_transformer,2011-04-01,A010,0.4162890911102295,-0.0027607489173568
baseline_transformer,2011-04-01,A011,0.6482359766960144,0.0275263432520944
baseline_transformer,2011-04-01,A012,0.4329723715782165,-0.0209478003853413
baseline_transformer,2011-04-01,A013,0.4004169702529907,-0.0231598584682176
baseline_transformer,2011-04-01,A014,0.8012630939483643,0.0339727940864105
baseline_transformer,2011-04-01,A015,0.2435834258794784,-0.0225487104062226
baseline_transformer,2011-04-01,A016,0.5453333854675293,0.0217932468323851
baseline_transformer,2011-04-01,A017,0.3764107227325439,-0.0366982213619263
baseline_transformer,2011-04-01,A018,0.8319598436355591,0.0472669249290673
baseline_transformer,2011-04-01,A019,0.3915850520133972,-0.013511000838171
baseline_transformer,2011-05-01,A000,0.9616044759750366,0.0351443163840719
baseline_transformer,2011-05-01,A001,0.7117232084274292,-0.0112941982293964
baseline_transformer,2011-05-01,A002,0.7735658884048462,0.0094350436850978
baseline_transformer,2011-05-01,A003,1.1186141967773438,0.0179891819122189
baseline_transformer,2011-05-01,A004,0.7595781087875366,0.0294091612958136
baseline_transformer,2011-05-01,A005,0.4658994972705841,-0.014621368265663
baseline_transformer,2011-05-01,A006,0.2415250837802887,-0.0049513982054179
baseline_transformer,2011-05-01,A007,0.7095516920089722,0.0422658169760727
baseline_transformer,2011-05-01,A008,0.5549061298370361,-0.010775518984278
baseline_transformer,2011-05-01,A009,0.7593938112258911,0.0028752680999329
baseline_transformer,2011-05-01,A010,0.5660806894302368,-0.0099410447293096
baseline_transformer,2011-05-01,A011,0.8728679418563843,0.0358200578109382
baseline_transformer,2011-05-01,A012,0.3297738432884216,-0.0281948584714765
baseline_transformer,2011-05-01,A013,0.2866540253162384,-0.0433968591832211
baseline_transformer,2011-05-01,A014,0.6017980575561523,-0.0140923719989727
baseline_transformer,2011-05-01,A015,0.3252250850200653,0.0155522271766558
baseline_transformer,2011-05-01,A016,0.5369654893875122,0.0115065283482093
baseline_transformer,2011-05-01,A017,0.2687624990940094,-0.0230481905109516
baseline_transformer,2011-05-01,A018,0.8692226409912109,0.0156939176198423
baseline_transformer,2011-05-01,A019,0.4776852428913116,0.0097436254850538
baseline_transformer,2011-06-01,A000,0.6602380871772766,0.0158302880065404
baseline_transformer,2011-06-01,A001,0.5390017032623291,-0.0059785027884293
baseline_transformer,2011-06-01,A002,0.3968059420585632,-0.0213402654454322
baseline_transformer,2011-06-01,A003,0.4318013191223144,-0.0261243257827932
baseline_transformer,2011-06-01,A004,0.5218279957771301,0.0108791824319921
baseline_transformer,2011-06-01,A005,0.5958864688873291,0.0062486640234391
baseline_transformer,2011-06-01,A006,0.6383337378501892,0.0305123578001777
baseline_transformer,2011-06-01,A007,0.3754616379737854,-0.0139338085161223
baseline_transformer,2011-06-01,A008,0.3501350879669189,-0.0394967222654292
baseline_transformer,2011-06-01,A009,0.9815630912780762,0.0262700164530265
baseline_transformer,2011-06-01,A010,0.4406510591506958,-0.0159418853594593
baseline_transformer,2011-06-01,A011,0.6373178362846375,0.0211179079538988
baseline_transformer,2011-06-01,A012,0.6737636923789978,0.0060045119715519
baseline_transformer,2011-06-01,A013,0.2907915711402893,-0.0353972879718166
baseline_transformer,2011-06-01,A014,0.6057602763175964,0.0082926534859372
baseline_transformer,2011-06-01,A015,0.6219031810760498,0.0011630571447451
baseline_transformer,2011-06-01,A016,0.960178554058075,0.0389950136808114
baseline_transformer,2011-06-01,A017,0.1459705829620361,-0.0318501890197144
baseline_transformer,2011-06-01,A018,0.4176844954490661,-0.0063429164985771
baseline_transformer,2011-06-01,A019,0.5342053174972534,-0.0130218083944898
baseline_transformer,2011-07-01,A000,0.5904363393783569,-0.0329521905707636
baseline_transformer,2011-07-01,A001,0.7003282308578491,0.0264426042541644
baseline_transformer,2011-07-01,A002,0.5176330208778381,-0.0265987287515734
baseline_transformer,2011-07-01,A003,0.4725179076194763,-0.0188198039479752
baseline_transformer,2011-07-01,A004,0.7575838565826416,0.0120148286132278
baseline_transformer,2011-07-01,A005,0.3478091359138489,-0.054823195543119
baseline_transformer,2011-07-01,A006,0.4230093955993652,-0.0080954658437524
baseline_transformer,2011-07-01,A007,0.5674943923950195,0.0087156406153949
baseline_transformer,2011-07-01,A008,0.4912013411521911,0.0187418564159157
baseline_transformer,2011-07-01,A009,0.7781085968017578,-0.0022131928781539
baseline_transformer,2011-07-01,A010,0.4152618646621704,-0.0267272499354414
baseline_transformer,2011-07-01,A011,0.851108193397522,0.0399293167566066
baseline_transformer,2011-07-01,A012,0.641242504119873,0.0214597467914956
baseline_transformer,2011-07-01,A013,0.1732444167137146,-0.0336773339816415
baseline_transformer,2011-07-01,A014,0.6673377752304077,0.0348820873680171
baseline_transformer,2011-07-01,A015,0.6921430826187134,0.0223516376476695
baseline_transformer,2011-07-01,A016,0.8480963706970215,0.0373489761704721
baseline_transformer,2011-07-01,A017,0.4233960509300232,0.0080706728059094
baseline_transformer,2011-07-01,A018,0.4840375185012817,-0.0142589149208928
baseline_transformer,2011-07-01,A019,0.3298055529594421,-0.0215516577401235
baseline_transformer,2011-08-01,A000,0.2996329069137573,-0.0227136007249623
baseline_transformer,2011-08-01,A001,0.8323237299919128,0.0475622139810058
baseline_transformer,2011-08-01,A002,0.4693000316619873,-0.0294892127512378
baseline_transformer,2011-08-01,A003,0.0203428864479064,-0.0455428157443897
baseline_transformer,2011-08-01,A004,0.3611436784267425,0.004974856377802
baseline_transformer,2011-08-01,A005,0.0861642658710479,-0.0421790998857631
baseline_transformer,2011-08-01,A006,0.4320618510246277,-0.0267003770058086
baseline_transformer,2011-08-01,A007,0.7625014185905457,0.0291197782689658
baseline_transformer,2011-08-01,A008,0.5932144522666931,0.003818541257328
baseline_transformer,2011-08-01,A009,0.319994181394577,-0.020655086067932
baseline_transformer,2011-08-01,A010,0.2902659475803375,-0.0346155235279207
baseline_transformer,2011-08-01,A011,1.0125521421432495,0.0168341560596324
baseline_transformer,2011-08-01,A012,0.0082752704620361,-0.0388296694064998
baseline_transformer,2011-08-01,A013,-0.010010540485382,-0.0277379961502665
baseline_transformer,2011-08-01,A014,0.9126232266426086,0.0328229613175063
baseline_transformer,2011-08-01,A015,0.757888674736023,0.014903273700356
baseline_transformer,2011-08-01,A016,0.836405336856842,0.0178342420866714
baseline_transformer,2011-08-01,A017,0.4225609600543976,-0.0172005573449259
baseline_transformer,2011-08-01,A018,0.6922957897186279,0.0015819181569259
baseline_transformer,2011-08-01,A019,0.3945541977882385,-0.0297117978320962
baseline_tfa,2011-03-01,A000,0.4698290824890136,-0.0091808789262993
baseline_tfa,2011-03-01,A001,0.5200284719467163,-0.0016885156635156
baseline_tfa,2011-03-01,A002,0.3571276068687439,-0.0038856763090775
baseline_tfa,2011-03-01,A003,0.6832641363143921,0.0307451318446793
baseline_tfa,2011-03-01,A004,0.423901617527008,-0.02200631936133
baseline_tfa,2011-03-01,A005,0.8406749963760376,0.0297279523590042
baseline_tfa,2011-03-01,A006,0.7843964099884033,0.0082640608342211
baseline_tfa,2011-03-01,A007,0.5535222291946411,0.012252245859251
baseline_tfa,2011-03-01,A008,0.8744380474090576,0.0321552817867419
baseline_tfa,2011-03-01,A009,0.6794369220733643,0.0004529099813704
baseline_tfa,2011-03-01,A010,0.7193182706832886,0.0071152307256658
baseline_tfa,2011-03-01,A011,0.199378103017807,-0.0356057037997052
baseline_tfa,2011-03-01,A012,0.5993747711181641,0.0015808356907213
baseline_tfa,2011-03-01,A013,0.5091395378112793,-0.0058673968646965
baseline_tfa,2011-03-01,A014,0.5889098644256592,-0.0085007202899295
baseline_tfa,2011-03-01,A015,0.5625382661819458,0.0106955246094036
baseline_tfa,2011-03-01,A016,0.1705087423324585,-0.0392086151152925
baseline_tfa,2011-03-01,A017,0.393222451210022,-0.0072768829319287
baseline_tfa,2011-03-01,A018,0.8207917213439941,0.026345035576371
baseline_tfa,2011-03-01,A019,0.345175564289093,-0.0178233080710083
baseline_tfa,2011-04-01,A000,0.471242219209671,-0.0284712553573274
baseline_tfa,2011-04-01,A001,0.84425288438797,0.0374684930542903
baseline_tfa,2011-04-01,A002,0.7488924860954285,0.0153320207874357
baseline_tfa,2011-04-01,A003,0.8868916034698486,0.0417487616915204
baseline_tfa,2011-04-01,A004,0.8687388896942139,0.0275171262288646
baseline_tfa,2011-04-01,A005,0.4067351818084717,-0.0269750754206587
baseline_tfa,2011-04-01,A006,0.1880630254745483,-0.0072868079205745
baseline_tfa,2011-04-01,A007,0.853468120098114,0.029437913642112
baseline_tfa,2011-04-01,A008,0.5833121538162231,-0.0071474110263847
baseline_tfa,2011-04-01,A009,0.8802865743637085,0.030826341403618
baseline_tfa,2011-04-01,A010,0.5194510221481323,-0.0027607489173568
baseline_tfa,2011-04-01,A011,0.8873233199119568,0.0275263432520944
baseline_tfa,2011-04-01,A012,0.2913299202919006,-0.0209478003853413
baseline_tfa,2011-04-01,A013,0.3467592298984527,-0.0231598584682176
baseline_tfa,2011-04-01,A014,0.8659315705299377,0.0339727940864105
baseline_tfa,2011-04-01,A015,0.1770186424255371,-0.0225487104062226
baseline_tfa,2011-04-01,A016,0.6579029560089111,0.0217932468323851
baseline_tfa,2011-04-01,A017,0.2709018886089325,-0.0366982213619263
baseline_tfa,2011-04-01,A018,0.8671400547027588,0.0472669249290673
baseline_tfa,2011-04-01,A019,0.4185901880264282,-0.013511000838171
baseline_tfa,2011-05-01,A000,0.8248604536056519,0.0351443163840719
baseline_tfa,2011-05-01,A001,0.6663995981216431,-0.0112941982293964
baseline_tfa,2011-05-01,A002,0.698432445526123,0.0094350436850978
baseline_tfa,2011-05-01,A003,0.8401228189468384,0.0179891819122189
baseline_tfa,2011-05-01,A004,0.7520613074302673,0.0294091612958136
baseline_tfa,2011-05-01,A005,0.3794708251953125,-0.014621368265663
baseline_tfa,2011-05-01,A006,0.3153217732906341,-0.0049513982054179
baseline_tfa,2011-05-01,A007,0.650210440158844,0.0422658169760727
baseline_tfa,2011-05-01,A008,0.6075924634933472,-0.010775518984278
baseline_tfa,2011-05-01,A009,0.7414830923080444,0.0028752680999329
baseline_tfa,2011-05-01,A010,0.5465173721313477,-0.0099410447293096
baseline_tfa,2011-05-01,A011,0.8119950294494629,0.0358200578109382
baseline_tfa,2011-05-01,A012,0.2717946767807007,-0.0281948584714765
baseline_tfa,2011-05-01,A013,0.24513541162014,-0.0433968591832211
baseline_tfa,2011-05-01,A014,0.5023586750030518,-0.0140923719989727
baseline_tfa,2011-05-01,A015,0.4677743911743164,0.0155522271766558
baseline_tfa,2011-05-01,A016,0.6863826513290405,0.0115065283482093
baseline_tfa,2011-05-01,A017,0.2309613227844238,-0.0230481905109516
baseline_tfa,2011-05-01,A018,0.672378420829773,0.0156939176198423
baseline_tfa,2011-05-01,A019,0.5774690508842468,0.0097436254850538
baseline_tfa,2011-06-01,A000,0.7495374083518982,0.0158302880065404
baseline_tfa,2011-06-01,A001,0.4899787306785583,-0.0059785027884293
baseline_tfa,2011-06-01,A002,0.2519069314002991,-0.0213402654454322
baseline_tfa,2011-06-01,A003,0.418377935886383,-0.0261243257827932
baseline_tfa,2011-06-01,A004,0.6360173225402832,0.0108791824319921
baseline_tfa,2011-06-01,A005,0.4366011023521423,0.0062486640234391
baseline_tfa,2011-06-01,A006,0.6446939706802368,0.0305123578001777
baseline_tfa,2011-06-01,A007,0.2243465781211853,-0.0139338085161223
baseline_tfa,2011-06-01,A008,0.2248902022838592,-0.0394967222654292
baseline_tfa,2011-06-01,A009,0.834518313407898,0.0262700164530265
baseline_tfa,2011-06-01,A010,0.2441993653774261,-0.0159418853594593
baseline_tfa,2011-06-01,A011,0.7514933347702026,0.0211179079538988
baseline_tfa,2011-06-01,A012,0.6658401489257812,0.0060045119715519
baseline_tfa,2011-06-01,A013,0.2302414327859878,-0.0353972879718166
baseline_tfa,2011-06-01,A014,0.6031320095062256,0.0082926534859372
baseline_tfa,2011-06-01,A015,0.5911585092544556,0.0011630571447451
baseline_tfa,2011-06-01,A016,0.8201342821121216,0.0389950136808114
baseline_tfa,2011-06-01,A017,0.17311891913414,-0.0318501890197144
baseline_tfa,2011-06-01,A018,0.3256584107875824,-0.0063429164985771
baseline_tfa,2011-06-01,A019,0.3484725058078766,-0.0130218083944898
baseline_tfa,2011-07-01,A000,0.2229762375354766,-0.0329521905707636
baseline_tfa,2011-07-01,A001,0.7656853199005127,0.0264426042541644
baseline_tfa,2011-07-01,A002,0.4482918083667755,-0.0265987287515734
baseline_tfa,2011-07-01,A003,0.1960308253765106,-0.0188198039479752
baseline_tfa,2011-07-01,A004,0.7325613498687744,0.0120148286132278
baseline_tfa,2011-07-01,A005,0.1965174525976181,-0.054823195543119
baseline_tfa,2011-07-01,A006,0.502763032913208,-0.0080954658437524
baseline_tfa,2011-07-01,A007,0.6358385682106018,0.0087156406153949
baseline_tfa,2011-07-01,A008,0.595031201839447,0.0187418564159157
baseline_tfa,2011-07-01,A009,0.5676089525222778,-0.0022131928781539
baseline_tfa,2011-07-01,A010,0.2470158785581588,-0.0267272499354414
baseline_tfa,2011-07-01,A011,0.8663058280944824,0.0399293167566066
baseline_tfa,2011-07-01,A012,0.7323154211044312,0.0214597467914956
baseline_tfa,2011-07-01,A013,0.1874274015426635,-0.0336773339816415
baseline_tfa,2011-07-01,A014,0.7572548389434814,0.0348820873680171
baseline_tfa,2011-07-01,A015,0.8039796352386475,0.0223516376476695
baseline_tfa,2011-07-01,A016,0.846012532711029,0.0373489761704721
baseline_tfa,2011-07-01,A017,0.4178974032402038,0.0080706728059094
baseline_tfa,2011-07-01,A018,0.6390199065208435,-0.0142589149208928
baseline_tfa,2011-07-01,A019,0.214903637766838,-0.0215516577401235
baseline_tfa,2011-08-01,A000,0.2101204991340637,-0.0227136007249623
baseline_tfa,2011-08-01,A001,0.8389194011688232,0.0475622139810058
baseline_tfa,2011-08-01,A002,0.2803689539432525,-0.0294892127512378
baseline_tfa,2011-08-01,A003,0.1705741584300995,-0.0455428157443897
baseline_tfa,2011-08-01,A004,0.3215304315090179,0.004974856377802
baseline_tfa,2011-08-01,A005,0.1803314238786697,-0.0421790998857631
baseline_tfa,2011-08-01,A006,0.3971012830734253,-0.0267003770058086
baseline_tfa,2011-08-01,A007,0.8035656213760376,0.0291197782689658
baseline_tfa,2011-08-01,A008,0.6229709982872009,0.003818541257328
baseline_tfa,2011-08-01,A009,0.3713921904563904,-0.020655086067932
baseline_tfa,2011-08-01,A010,0.2877018749713897,-0.0346155235279207
baseline_tfa,2011-08-01,A011,0.846324622631073,0.0168341560596324
baseline_tfa,2011-08-01,A012,0.1812700778245926,-0.0388296694064998
baseline_tfa,2011-08-01,A013,0.1753724664449691,-0.0277379961502665
baseline_tfa,2011-08-01,A014,0.8392437696456909,0.0328229613175063
baseline_tfa,2011-08-01,A015,0.7043309807777405,0.014903273700356
baseline_tfa,2011-08-01,A016,0.8213645815849304,0.0178342420866714
baseline_tfa,2011-08-01,A017,0.2742940187454223,-0.0172005573449259
baseline_tfa,2011-08-01,A018,0.5347525477409363,0.0015819181569259
baseline_tfa,2011-08-01,A019,0.4137672185897827,-0.0297117978320962
ungated_seed13,2011-03-01,A000,0.5628762245178223,-0.0091808789262993
ungated_seed13,2011-03-01,A001,0.6332031488418579,-0.0016885156635156
ungated_seed13,2011-03-01,A002,0.3595443665981293,-0.0038856763090775
ungated_seed13,2011-03-01,A003,0.708765983581543,0.0307451318446793
ungated_seed13,2011-03-01,A004,0.5179599523544312,-0.02200631936133
ungated_seed13,2011-03-01,A005,0.8055939674377441,0.0297279523590042
ungated_seed13,2011-03-01,A006,0.7327709197998047,0.0082640608342211
ungated_seed13,2011-03-01,A007,0.6545724272727966,0.012252245859251
ungated_seed13,2011-03-01,A008,0.8086044788360596,0.0321552817867419
ungated_seed13,2011-03-01,A009,0.7151288986206055,0.0004529099813704
ungated_seed13,2011-03-01,A010,0.7916474342346191,0.0071152307256658
ungated_seed13,2011-03-01,A011,0.2005310356616974,-0.0356057037997052
ungated_seed13,2011-03-01,A012,0.6642367839813232,0.0015808356907213
ungated_seed13,2011-03-01,A013,0.4580233097076416,-0.0058673968646965
ungated_seed13,2011-03-01,A014,0.6312322020530701,-0.0085007202899295
ungated_seed13,2011-03-01,A015,0.612958550453186,0.0106955246094036
ungated_seed13,2011-03-01,A016,0.156130850315094,-0.0392086151152925
ungated_seed13,2011-03-01,A017,0.3516991138458252,-0.0072768829319287
ungated_seed13,2011-03-01,A018,0.7577569484710693,0.026345035576371
ungated_seed13,2011-03-01,A019,0.385743647813797,-0.0178233080710083
ungated_seed13,2011-04-01,A000,0.610822856426239,-0.0284712553573274
ungated_seed13,2011-04-01,A001,0.8655879497528076,0.0374684930542903
ungated_seed13,2011-04-01,A002,0.7569609880447388,0.0153320207874357
ungated_seed13,2011-04-01,A003,0.8884680867195129,0.0417487616915204
ungated_seed13,2011-04-01,A004,0.8519285321235657,0.0275171262288646
ungated_seed13,2011-04-01,A005,0.5414639711380005,-0.0269750754206587
ungated_seed13,2011-04-01,A006,0.2748041450977325,-0.0072868079205745
ungated_seed13,2011-04-01,A007,0.872105062007904,0.029437913642112
ungated_seed13,2011-04-01,A008,0.5499873757362366,-0.0071474110263847
ungated_seed13,2011-04-01,A009,0.8790298700332642,0.030826341403618
ungated_seed13,2011-04-01,A010,0.3720282316207886,-0.0027607489173568
ungated_seed13,2011-04-01,A011,0.8935879468917847,0.0275263432520944
ungated_seed13,2011-04-01,A012,0.3518330156803131,-0.0209478003853413
ungated_seed13,2011-04-01,A013,0.4751676321029663,-0.0231598584682176
ungated_seed13,2011-04-01,A014,0.884507417678833,0.0339727940864105
ungated_seed13,2011-04-01,A015,0.2142558395862579,-0.0225487104062226
ungated_seed13,2011-04-01,A016,0.7591486573219299,0.0217932468323851
ungated_seed13,2011-04-01,A017,0.309552401304245,-0.0366982213619263
ungated_seed13,2011-04-01,A018,0.8729743957519531,0.0472669249290673
ungated_seed13,2011-04-01,A019,0.3898389637470245,-0.013511000838171
ungated_seed13,2011-05-01,A000,0.842970073223114,0.0351443163840719
ungated_seed13,2011-05-01,A001,0.7639120221138,-0.0112941982293964
ungated_seed13,2011-05-01,A002,0.7994491457939148,0.0094350436850978
ungated_seed13,2011-05-01,A003,0.8625685572624207,0.0179891819122189
ungated_seed13,2011-05-01,A004,0.8066282272338867,0.0294091612958136
ungated_seed13,2011-05-01,A005,0.4453412294387817,-0.014621368265663
ungated_seed13,2011-05-01,A006,0.4108326435089111,-0.0049513982054179
ungated_seed13,2011-05-01,A007,0.8283397555351257,0.0422658169760727
ungated_seed13,2011-05-01,A008,0.6031252145767212,-0.010775518984278
ungated_seed13,2011-05-01,A009,0.7142913341522217,0.0028752680999329
ungated_seed13,2011-05-01,A010,0.5923588871955872,-0.0099410447293096
ungated_seed13,2011-05-01,A011,0.8105705976486206,0.0358200578109382
ungated_seed13,2011-05-01,A012,0.2607583105564117,-0.0281948584714765
ungated_seed13,2011-05-01,A013,0.2668695747852325,-0.0433968591832211
ungated_seed13,2011-05-01,A014,0.5417262315750122,-0.0140923719989727
ungated_seed13,2011-05-01,A015,0.5010824799537659,0.0155522271766558
ungated_seed13,2011-05-01,A016,0.651423454284668,0.0115065283482093
ungated_seed13,2011-05-01,A017,0.2259804904460907,-0.0230481905109516
ungated_seed13,2011-05-01,A018,0.7802276611328125,0.0156939176198423
ungated_seed13,2011-05-01,A019,0.6632916927337646,0.0097436254850538
ungated_seed13,2011-06-01,A000,0.7746910452842712,0.0158302880065404
ungated_seed13,2011-06-01,A001,0.4313069880008697,-0.0059785027884293
ungated_seed13,2011-06-01,A002,0.3484300374984741,-0.0213402654454322
ungated_seed13,2011-06-01,A003,0.4018143117427826,-0.0261243257827932
ungated_seed13,2011-06-01,A004,0.6005688905715942,0.0108791824319921
ungated_seed13,2011-06-01,A005,0.3947367966175079,0.0062486640234391
ungated_seed13,2011-06-01,A006,0.5827532410621643,0.0305123578001777
ungated_seed13,2011-06-01,A007,0.2776496112346649,-0.0139338085161223
ungated_seed13,2011-06-01,A008,0.2898180782794952,-0.0394967222654292
ungated_seed13,2011-06-01,A009,0.8460285663604736,0.0262700164530265
ungated_seed13,2011-06-01,A010,0.3703694939613342,-0.0159418853594593
ungated_seed13,2011-06-01,A011,0.7405294179916382,0.0211179079538988
ungated_seed13,2011-06-01,A012,0.681571364402771,0.0060045119715519
ungated_seed13,2011-06-01,A013,0.3263050019741058,-0.0353972879718166
ungated_seed13,2011-06-01,A014,0.4908185005187988,0.0082926534859372
ungated_seed13,2011-06-01,A015,0.5436621308326721,0.0011630571447451
ungated_seed13,2011-06-01,A016,0.7858569622039795,0.0389950136808114
ungated_seed13,2011-06-01,A017,0.2402448058128357,-0.0318501890197144
ungated_seed13,2011-06-01,A018,0.4315922260284424,-0.0063429164985771
ungated_seed13,2011-06-01,A019,0.3477991819381714,-0.0130218083944898
ungated_seed13,2011-07-01,A000,0.2526544034481048,-0.0329521905707636
ungated_seed13,2011-07-01,A001,0.7581367492675781,0.0264426042541644
ungated_seed13,2011-07-01,A002,0.4560140967369079,-0.0265987287515734
ungated_seed13,2011-07-01,A003,0.2296085804700851,-0.0188198039479752
ungated_seed13,2011-07-01,A004,0.7367842197418213,0.0120148286132278
ungated_seed13,2011-07-01,A005,0.2157917022705078,-0.054823195543119
ungated_seed13,2011-07-01,A006,0.3685920238494873,-0.0080954658437524
ungated_seed13,2011-07-01,A007,0.6380860209465027,0.0087156406153949
ungated_seed13,2011-07-01,A008,0.5707700848579407,0.0187418564159157
ungated_seed13,2011-07-01,A009,0.5688930153846741,-0.0022131928781539
ungated_seed13,2011-07-01,A010,0.2338729202747345,-0.0267272499354414
ungated_seed13,2011-07-01,A011,0.8500301837921143,0.0399293167566066
ungated_seed13,2011-07-01,A012,0.7527464628219604,0.0214597467914956
ungated_seed13,2011-07-01,A013,0.2468471676111221,-0.0336773339816415
ungated_seed13,2011-07-01,A014,0.7366728782653809,0.0348820873680171
ungated_seed13,2011-07-01,A015,0.8186951279640198,0.0223516376476695
ungated_seed13,2011-07-01,A016,0.8346424102783203,0.0373489761704721
ungated_seed13,2011-07-01,A017,0.463383674621582,0.0080706728059094
ungated_seed13,2011-07-01,A018,0.5369091629981995,-0.0142589149208928
ungated_seed13,2011-07-01,A019,0.1908416450023651,-0.0215516577401235
ungated_seed13,2011-08-01,A000,0.273161768913269,-0.0227136007249623
ungated_seed13,2011-08-01,A001,0.8461422920227051,0.0475622139810058
ungated_seed13,2011-08-01,A002,0.4013139307498932,-0.0294892127512378
ungated_seed13,2011-08-01,A003,0.2183450758457183,-0.0455428157443897
ungated_seed13,2011-08-01,A004,0.2836813628673553,0.004974856377802
ungated_seed13,2011-08-01,A005,0.2122546285390854,-0.0421790998857631
ungated_seed13,2011-08-01,A006,0.4288052916526794,-0.0267003770058086
ungated_seed13,2011-08-01,A007,0.7874562740325928,0.0291197782689658
ungated_seed13,2011-08-01,A008,0.6567573547363281,0.003818541257328
ungated_seed13,2011-08-01,A009,0.3249393105506897,-0.020655086067932
ungated_seed13,2011-08-01,A010,0.3448975384235382,-0.0346155235279207
ungated_seed13,2011-08-01,A011,0.8515195846557617,0.0168341560596324
ungated_seed13,2011-08-01,A012,0.2091370522975921,-0.0388296694064998
ungated_seed13,2011-08-01,A013,0.2105154395103454,-0.0277379961502665
ungated_seed13,2011-08-01,A014,0.8410903811454773,0.0328229613175063
ungated_seed13,2011-08-01,A015,0.6644753217697144,0.014903273700356
ungated_seed13,2011-08-01,A016,0.7284336090087891,0.0178342420866714
ungated_seed13,2011-08-01,A017,0.3591046035289764,-0.0172005573449259
ungated_seed13,2011-08-01,A018,0.7415316104888916,0.0015819181569259
ungated_seed13,2011-08-01,A019,0.4681965410709381,-0.0297117978320962
gated_seed13,2011-03-01,A000,0.5462519526481628,-0.0091808789262993
gated_seed13,2011-03-01,A001,0.5484758019447327,-0.0016885156635156
gated_seed13,2011-03-01,A002,0.3326737582683563,-0.0038856763090775
gated_seed13,2011-03-01,A003,0.6659278869628906,0.0307451318446793
gated_seed13,2011-03-01,A004,0.4575952887535095,-0.02200631936133
gated_seed13,2011-03-01,A005,0.8064804077148438,0.0297279523590042
gated_seed13,2011-03-01,A006,0.6799278259277344,0.0082640608342211
gated_seed13,2011-03-01,A007,0.6062717437744141,0.012252245859251
gated_seed13,2011-03-01,A008,0.8302966952323914,0.0321552817867419
gated_seed13,2011-03-01,A009,0.6803145408630371,0.0004529099813704
gated_seed13,2011-03-01,A010,0.8475359678268433,0.0071152307256658
gated_seed13,2011-03-01,A011,0.2475518435239792,-0.0356057037997052
gated_seed13,2011-03-01,A012,0.6716439723968506,0.0015808356907213
gated_seed13,2011-03-01,A013,0.4298588037490845,-0.0058673968646965
gated_seed13,2011-03-01,A014,0.5797869563102722,-0.0085007202899295
gated_seed13,2011-03-01,A015,0.6215213537216187,0.0106955246094036
gated_seed13,2011-03-01,A016,0.180645614862442,-0.0392086151152925
gated_seed13,2011-03-01,A017,0.3097131252288818,-0.0072768829319287
gated_seed13,2011-03-01,A018,0.8230324983596802,0.026345035576371
gated_seed13,2011-03-01,A019,0.3603990972042084,-0.0178233080710083
gated_seed13,2011-04-01,A000,0.5551643371582031,-0.0284712553573274
gated_seed13,2011-04-01,A001,0.8334631323814392,0.0374684930542903
gated_seed13,2011-04-01,A002,0.7064887285232544,0.0153320207874357
gated_seed13,2011-04-01,A003,0.8408529162406921,0.0417487616915204
gated_seed13,2011-04-01,A004,0.8034983277320862,0.0275171262288646
gated_seed13,2011-04-01,A005,0.4563782215118408,-0.0269750754206587
gated_seed13,2011-04-01,A006,0.3196068406105041,-0.0072868079205745
gated_seed13,2011-04-01,A007,0.8150742053985596,0.029437913642112
gated_seed13,2011-04-01,A008,0.5765714645385742,-0.0071474110263847
gated_seed13,2011-04-01,A009,0.8152363300323486,0.030826341403618
gated_seed13,2011-04-01,A010,0.4389831721782684,-0.0027607489173568
gated_seed13,2011-04-01,A011,0.851971447467804,0.0275263432520944
gated_seed13,2011-04-01,A012,0.3636044263839721,-0.0209478003853413
gated_seed13,2011-04-01,A013,0.4587060213088989,-0.0231598584682176
gated_seed13,2011-04-01,A014,0.8384414911270142,0.0339727940864105
gated_seed13,2011-04-01,A015,0.2655916810035705,-0.0225487104062226
gated_seed13,2011-04-01,A016,0.7341559529304504,0.0217932468323851
gated_seed13,2011-04-01,A017,0.2652592658996582,-0.0366982213619263
gated_seed13,2011-04-01,A018,0.8228983283042908,0.0472669249290673
gated_seed13,2011-04-01,A019,0.3686541318893432,-0.013511000838171
gated_seed13,2011-05-01,A000,0.8698591589927673,0.0351443163840719
gated_seed13,2011-05-01,A001,0.7174233794212341,-0.0112941982293964
gated_seed13,2011-05-01,A002,0.7711783647537231,0.0094350436850978
gated_seed13,2011-05-01,A003,0.8882478475570679,0.0179891819122189
gated_seed13,2011-05-01,A004,0.7847380042076111,0.0294091612958136
gated_seed13,2011-05-01,A005,0.3946990966796875,-0.014621368265663
gated_seed13,2011-05-01,A006,0.4334693849086761,-0.0049513982054179
gated_seed13,2011-05-01,A007,0.8215175271034241,0.0422658169760727
gated_seed13,2011-05-01,A008,0.5489122271537781,-0.010775518984278
gated_seed13,2011-05-01,A009,0.6648966073989868,0.0028752680999329
gated_seed13,2011-05-01,A010,0.5733689069747925,-0.0099410447293096
gated_seed13,2011-05-01,A011,0.825318455696106,0.0358200578109382
gated_seed13,2011-05-01,A012,0.2582792043685913,-0.0281948584714765
gated_seed13,2011-05-01,A013,0.2384823113679886,-0.0433968591832211
gated_seed13,2011-05-01,A014,0.4915140271186828,-0.0140923719989727
gated_seed13,2011-05-01,A015,0.501561164855957,0.0155522271766558
gated_seed13,2011-05-01,A016,0.5805302262306213,0.0115065283482093
gated_seed13,2011-05-01,A017,0.2220632433891296,-0.0230481905109516
gated_seed13,2011-05-01,A018,0.7564725875854492,0.0156939176198423
gated_seed13,2011-05-01,A019,0.6081114411354065,0.0097436254850538
gated_seed13,2011-06-01,A000,0.7905845046043396,0.0158302880065404
gated_seed13,2011-06-01,A001,0.5285905003547668,-0.0059785027884293
gated_seed13,2011-06-01,A002,0.3091923892498016,-0.0213402654454322
gated_seed13,2011-06-01,A003,0.4104712903499603,-0.0261243257827932
gated_seed13,2011-06-01,A004,0.711342453956604,0.0108791824319921
gated_seed13,2011-06-01,A005,0.4927144348621368,0.0062486640234391
gated_seed13,2011-06-01,A006,0.5812209844589233,0.0305123578001777
gated_seed13,2011-06-01,A007,0.276808887720108,-0.0139338085161223
gated_seed13,2011-06-01,A008,0.2885374426841736,-0.0394967222654292
gated_seed13,2011-06-01,A009,0.839466392993927,0.0262700164530265
gated_seed13,2011-06-01,A010,0.3265380561351776,-0.0159418853594593
gated_seed13,2011-06-01,A011,0.7889227867126465,0.0211179079538988
gated_seed13,2011-06-01,A012,0.6793025732040405,0.0060045119715519
gated_seed13,2011-06-01,A013,0.3057204782962799,-0.0353972879718166
gated_seed13,2011-06-01,A014,0.5714119076728821,0.0082926534859372
gated_seed13,2011-06-01,A015,0.4855599403381347,0.0011630571447451
gated_seed13,2011-06-01,A016,0.8054481744766235,0.0389950136808114
gated_seed13,2011-06-01,A017,0.2387765944004058,-0.0318501890197144
gated_seed13,2011-06-01,A018,0.3311226665973663,-0.0063429164985771
gated_seed13,2011-06-01,A019,0.3323778808116913,-0.0130218083944898
gated_seed13,2011-07-01,A000,0.2342232912778854,-0.0329521905707636
gated_seed13,2011-07-01,A001,0.8264203071594238,0.0264426042541644
gated_seed13,2011-07-01,A002,0.4570936560630798,-0.0265987287515734
gated_seed13,2011-07-01,A003,0.2088006883859634,-0.0188198039479752
gated_seed13,2011-07-01,A004,0.7498306035995483,0.0120148286132278
gated_seed13,2011-07-01,A005,0.1930138319730758,-0.054823195543119
gated_seed13,2011-07-01,A006,0.4755446314811706,-0.0080954658437524
gated_seed13,2011-07-01,A007,0.6300759315490723,0.0087156406153949
gated_seed13,2011-07-01,A008,0.5802779197692871,0.0187418564159157
gated_seed13,2011-07-01,A009,0.5639634728431702,-0.0022131928781539
gated_seed13,2011-07-01,A010,0.2327287793159485,-0.0267272499354414
gated_seed13,2011-07-01,A011,0.8558947443962097,0.0399293167566066
gated_seed13,2011-07-01,A012,0.7745948433876038,0.0214597467914956
gated_seed13,2011-07-01,A013,0.2630341947078705,-0.0336773339816415
gated_seed13,2011-07-01,A014,0.7388015389442444,0.0348820873680171
gated_seed13,2011-07-01,A015,0.8252302408218384,0.0223516376476695
gated_seed13,2011-07-01,A016,0.8384718894958496,0.0373489761704721
gated_seed13,2011-07-01,A017,0.5005668997764587,0.0080706728059094
gated_seed13,2011-07-01,A018,0.6045997142791748,-0.0142589149208928
gated_seed13,2011-07-01,A019,0.185868039727211,-0.0215516577401235
gated_seed13,2011-08-01,A000,0.243790715932846,-0.0227136007249623
gated_seed13,2011-08-01,A001,0.8609821796417236,0.0475622139810058
gated_seed13,2011-08-01,A002,0.336636871099472,-0.0294892127512378
gated_seed13,2011-08-01,A003,0.2344245314598083,-0.0455428157443897
gated_seed13,2011-08-01,A004,0.2919345796108246,0.004974856377802
gated_seed13,2011-08-01,A005,0.2324142903089523,-0.0421790998857631
gated_seed13,2011-08-01,A006,0.3343557715415954,-0.0267003770058086
gated_seed13,2011-08-01,A007,0.8118641376495361,0.0291197782689658
gated_seed13,2011-08-01,A008,0.674972414970398,0.003818541257328
gated_seed13,2011-08-01,A009,0.3857960999011993,-0.020655086067932
gated_seed13,2011-08-01,A010,0.3412429988384247,-0.0346155235279207
gated_seed13,2011-08-01,A011,0.865624725818634,0.0168341560596324
gated_seed13,2011-08-01,A012,0.2400965392589569,-0.0388296694064998
gated_seed13,2011-08-01,A013,0.2391692101955413,-0.0277379961502665
gated_seed13,2011-08-01,A014,0.8519649505615234,0.0328229613175063
gated_seed13,2011-08-01,A015,0.6717996597290039,0.014903273700356
gated_seed13,2011-08-01,A016,0.7689087390899658,0.0178342420866714
gated_seed13,2011-08-01,A017,0.3502276539802551,-0.0172005573449259
gated_seed13,2011-08-01,A018,0.7768416404724121,0.0015819181569259
gated_seed13,2011-08-01,A019,0.4473626017570495,-0.0297117978320962
gated_prediction_only_seed13,2011-03-01,A000,0.5130284428596497,-0.0091808789262993
gated_prediction_only_seed13,2011-03-01,A001,0.489234447479248,-0.0016885156635156
gated_prediction_only_seed13,2011-03-01,A002,0.3106194138526916,-0.0038856763090775
gated_prediction_only_seed13,2011-03-01,A003,0.62232506275177,0.0307451318446793
gated_prediction_only_seed13,2011-03-01,A004,0.4443634450435638,-0.02200631936133
gated_prediction_only_seed13,2011-03-01,A005,0.7656023502349854,0.0297279523590042
gated_prediction_only_seed13,2011-03-01,A006,0.6824945211410522,0.0082640608342211
gated_prediction_only_seed13,2011-03-01,A007,0.5867767333984375,0.012252245859251
gated_prediction_only_seed13,2011-03-01,A008,0.7979285717010498,0.0321552817867419
gated_prediction_only_seed13,2011-03-01,A009,0.6391874551773071,0.0004529099813704
gated_prediction_only_seed13,2011-03-01,A010,0.8068897724151611,0.0071152307256658
gated_prediction_only_seed13,2011-03-01,A011,0.2407871782779693,-0.0356057037997052
gated_prediction_only_seed13,2011-03-01,A012,0.6557164192199707,0.0015808356907213
gated_prediction_only_seed13,2011-03-01,A013,0.4607424437999725,-0.0058673968646965
gated_prediction_only_seed13,2011-03-01,A014,0.5328181385993958,-0.0085007202899295
gated_prediction_only_seed13,2011-03-01,A015,0.6072894334793091,0.0106955246094036
gated_prediction_only_seed13,2011-03-01,A016,0.193855881690979,-0.0392086151152925
gated_prediction_only_seed13,2011-03-01,A017,0.3012424409389496,-0.0072768829319287
gated_prediction_only_seed13,2011-03-01,A018,0.7822763323783875,0.026345035576371
gated_prediction_only_seed13,2011-03-01,A019,0.3466124534606933,-0.0178233080710083
gated_prediction_only_seed13,2011-04-01,A000,0.5366761684417725,-0.0284712553573274
gated_prediction_only_seed13,2011-04-01,A001,0.842727780342102,0.0374684930542903
gated_prediction_only_seed13,2011-04-01,A002,0.7320598363876343,0.0153320207874357
gated_prediction_only_seed13,2011-04-01,A003,0.8555284142494202,0.0417487616915204
gated_prediction_only_seed13,2011-04-01,A004,0.8511863946914673,0.0275171262288646
gated_prediction_only_seed13,2011-04-01,A005,0.4881812632083893,-0.0269750754206587
gated_prediction_only_seed13,2011-04-01,A006,0.3035693764686584,-0.0072868079205745
gated_prediction_only_seed13,2011-04-01,A007,0.8453393578529358,0.029437913642112
gated_prediction_only_seed13,2011-04-01,A008,0.6019800305366516,-0.0071474110263847
gated_prediction_only_seed13,2011-04-01,A009,0.8697350025177002,0.030826341403618
gated_prediction_only_seed13,2011-04-01,A010,0.488986611366272,-0.0027607489173568
gated_prediction_only_seed13,2011-04-01,A011,0.873680591583252,0.0275263432520944
gated_prediction_only_seed13,2011-04-01,A012,0.4288526177406311,-0.0209478003853413
gated_prediction_only_seed13,2011-04-01,A013,0.5559975504875183,-0.0231598584682176
gated_prediction_only_seed13,2011-04-01,A014,0.8449817895889282,0.0339727940864105
gated_prediction_only_seed13,2011-04-01,A015,0.2682661414146423,-0.0225487104062226
gated_prediction_only_seed13,2011-04-01,A016,0.695530891418457,0.0217932468323851
gated_prediction_only_seed13,2011-04-01,A017,0.2852614521980285,-0.0366982213619263
gated_prediction_only_seed13,2011-04-01,A018,0.8506156802177429,0.0472669249290673
gated_prediction_only_seed13,2011-04-01,A019,0.4426689147949219,-0.013511000838171
gated_prediction_only_seed13,2011-05-01,A000,0.8628703355789185,0.0351443163840719
gated_prediction_only_seed13,2011-05-01,A001,0.670313835144043,-0.0112941982293964
gated_prediction_only_seed13,2011-05-01,A002,0.7420817613601685,0.0094350436850978
gated_prediction_only_seed13,2011-05-01,A003,0.8758670091629028,0.0179891819122189
gated_prediction_only_seed13,2011-05-01,A004,0.756546139717102,0.0294091612958136
gated_prediction_only_seed13,2011-05-01,A005,0.4230705201625824,-0.014621368265663
gated_prediction_only_seed13,2011-05-01,A006,0.3630767166614532,-0.0049513982054179
gated_prediction_only_seed13,2011-05-01,A007,0.805543839931488,0.0422658169760727
gated_prediction_only_seed13,2011-05-01,A008,0.5556041598320007,-0.010775518984278
gated_prediction_only_seed13,2011-05-01,A009,0.6287198066711426,0.0028752680999329
gated_prediction_only_seed13,2011-05-01,A010,0.5834295153617859,-0.0099410447293096
gated_prediction_only_seed13,2011-05-01,A011,0.8008933663368225,0.0358200578109382
gated_prediction_only_seed13,2011-05-01,A012,0.2273584306240081,-0.0281948584714765
gated_prediction_only_seed13,2011-05-01,A013,0.2206291258335113,-0.0433968591832211
gated_prediction_only_seed13,2011-05-01,A014,0.4932153224945068,-0.0140923719989727
gated_prediction_only_seed13,2011-05-01,A015,0.4544262588024139,0.0155522271766558
gated_prediction_only_seed13,2011-05-01,A016,0.5800669193267822,0.0115065283482093
gated_prediction_only_seed13,2011-05-01,A017,0.2074313014745712,-0.0230481905109516
gated_prediction_only_seed13,2011-05-01,A018,0.7299350500106812,0.0156939176198423
gated_prediction_only_seed13,2011-05-01,A019,0.6176114082336426,0.0097436254850538
gated_prediction_only_seed13,2011-06-01,A000,0.7777724266052246,0.0158302880065404
gated_prediction_only_seed13,2011-06-01,A001,0.4869060516357422,-0.0059785027884293
gated_prediction_only_seed13,2011-06-01,A002,0.3003744482994079,-0.0213402654454322
gated_prediction_only_seed13,2011-06-01,A003,0.3091866970062256,-0.0261243257827932
gated_prediction_only_seed13,2011-06-01,A004,0.6901237964630127,0.0108791824319921
gated_prediction_only_seed13,2011-06-01,A005,0.4056894779205322,0.0062486640234391
gated_prediction_only_seed13,2011-06-01,A006,0.631811261177063,0.0305123578001777
gated_prediction_only_seed13,2011-06-01,A007,0.2589410543441772,-0.0139338085161223
gated_prediction_only_seed13,2011-06-01,A008,0.2647539973258972,-0.0394967222654292
gated_prediction_only_seed13,2011-06-01,A009,0.8340133428573608,0.0262700164530265
gated_prediction_only_seed13,2011-06-01,A010,0.3266003727912903,-0.0159418853594593
gated_prediction_only_seed13,2011-06-01,A011,0.7745039463043213,0.0211179079538988
gated_prediction_only_seed13,2011-06-01,A012,0.6923278570175171,0.0060045119715519
gated_prediction_only_seed13,2011-06-01,A013,0.2923643589019775,-0.0353972879718166
gated_prediction_only_seed13,2011-06-01,A014,0.6068295836448669,0.0082926534859372
gated_prediction_only_seed13,2011-06-01,A015,0.5720131993293762,0.0011630571447451
gated_prediction_only_seed13,2011-06-01,A016,0.7998124361038208,0.0389950136808114
gated_prediction_only_seed13,2011-06-01,A017,0.2270587831735611,-0.0318501890197144
gated_prediction_only_seed13,2011-06-01,A018,0.3790992200374603,-0.0063429164985771
gated_prediction_only_seed13,2011-06-01,A019,0.3338995277881622,-0.0130218083944898
gated_prediction_only_seed13,2011-07-01,A000,0.2402327805757522,-0.0329521905707636
gated_prediction_only_seed13,2011-07-01,A001,0.8387356996536255,0.0264426042541644
gated_prediction_only_seed13,2011-07-01,A002,0.4794945120811462,-0.0265987287515734
gated_prediction_only_seed13,2011-07-01,A003,0.2088936865329742,-0.0188198039479752
gated_prediction_only_seed13,2011-07-01,A004,0.7612552642822266,0.0120148286132278
gated_prediction_only_seed13,2011-07-01,A005,0.193560853600502,-0.054823195543119
gated_prediction_only_seed13,2011-07-01,A006,0.5057599544525146,-0.0080954658437524
gated_prediction_only_seed13,2011-07-01,A007,0.6419726014137268,0.0087156406153949
gated_prediction_only_seed13,2011-07-01,A008,0.6053130626678467,0.0187418564159157
gated_prediction_only_seed13,2011-07-01,A009,0.5629847049713135,-0.0022131928781539
gated_prediction_only_seed13,2011-07-01,A010,0.2358657270669937,-0.0267272499354414
gated_prediction_only_seed13,2011-07-01,A011,0.8547630310058594,0.0399293167566066
gated_prediction_only_seed13,2011-07-01,A012,0.7787140607833862,0.0214597467914956
gated_prediction_only_seed13,2011-07-01,A013,0.275643527507782,-0.0336773339816415
gated_prediction_only_seed13,2011-07-01,A014,0.7453165054321289,0.0348820873680171
gated_prediction_only_seed13,2011-07-01,A015,0.8280951380729675,0.0223516376476695
gated_prediction_only_seed13,2011-07-01,A016,0.8323622941970825,0.0373489761704721
gated_prediction_only_seed13,2011-07-01,A017,0.4961370527744293,0.0080706728059094
gated_prediction_only_seed13,2011-07-01,A018,0.6349562406539917,-0.0142589149208928
gated_prediction_only_seed13,2011-07-01,A019,0.1933326125144958,-0.0215516577401235
gated_prediction_only_seed13,2011-08-01,A000,0.2511218190193176,-0.0227136007249623
gated_prediction_only_seed13,2011-08-01,A001,0.8431437611579895,0.0475622139810058
gated_prediction_only_seed13,2011-08-01,A002,0.3501426875591278,-0.0294892127512378
gated_prediction_only_seed13,2011-08-01,A003,0.2414480596780777,-0.0455428157443897
gated_prediction_only_seed13,2011-08-01,A004,0.3099120855331421,0.004974856377802
gated_prediction_only_seed13,2011-08-01,A005,0.2377496361732483,-0.0421790998857631
gated_prediction_only_seed13,2011-08-01,A006,0.391436219215393,-0.0267003770058086
gated_prediction_only_seed13,2011-08-01,A007,0.7942087650299072,0.0291197782689658
gated_prediction_only_seed13,2011-08-01,A008,0.6706730127334595,0.003818541257328
gated_prediction_only_seed13,2011-08-01,A009,0.3824169039726257,-0.020655086067932
gated_prediction_only_seed13,2011-08-01,A010,0.3540143370628357,-0.0346155235279207
gated_prediction_only_seed13,2011-08-01,A011,0.8695908188819885,0.0168341560596324
gated_prediction_only_seed13,2011-08-01,A012,0.2365975677967071,-0.0388296694064998
gated_prediction_only_seed13,2011-08-01,A013,0.2397758811712265,-0.0277379961502665
gated_prediction_only_seed13,2011-08-01,A014,0.8411319255828857,0.0328229613175063
gated_prediction_only_seed13,2011-08-01,A015,0.6723767518997192,0.014903273700356
gated_prediction_only_seed13,2011-08-01,A016,0.7512937784194946,0.0178342420866714
gated_prediction_only_seed13,2011-08-01,A017,0.3248128890991211,-0.0172005573449259
gated_prediction_only_seed13,2011-08-01,A018,0.7047818899154663,0.0015819181569259
gated_prediction_only_seed13,2011-08-01,A019,0.4803628325462341,-0.0297117978320962
ungated_seed42,2011-03-01,A000,0.5120784044265747,-0.0091808789262993
ungated_seed42,2011-03-01,A001,0.5531913042068481,-0.0016885156635156
ungated_seed42,2011-03-01,A002,0.3390213251113891,-0.0038856763090775
ungated_seed42,2011-03-01,A003,0.7100554704666138,0.0307451318446793
ungated_seed42,2011-03-01,A004,0.5036209225654602,-0.02200631936133
ungated_seed42,2011-03-01,A005,0.8198312520980835,0.0297279523590042
ungated_seed42,2011-03-01,A006,0.7325439453125,0.0082640608342211
ungated_seed42,2011-03-01,A007,0.5430801510810852,0.012252245859251
ungated_seed42,2011-03-01,A008,0.8513656258583069,0.0321552817867419
ungated_seed42,2011-03-01,A009,0.658797025680542,0.0004529099813704
ungated_seed42,2011-03-01,A010,0.7947778701782227,0.0071152307256658
ungated_seed42,2011-03-01,A011,0.2004415243864059,-0.0356057037997052
ungated_seed42,2011-03-01,A012,0.6014057993888855,0.0015808356907213
ungated_seed42,2011-03-01,A013,0.5674079060554504,-0.0058673968646965
ungated_seed42,2011-03-01,A014,0.5899419784545898,-0.0085007202899295
ungated_seed42,2011-03-01,A015,0.6221736669540405,0.0106955246094036
ungated_seed42,2011-03-01,A016,0.1809271275997162,-0.0392086151152925
ungated_seed42,2011-03-01,A017,0.4021705389022827,-0.0072768829319287
ungated_seed42,2011-03-01,A018,0.8693205118179321,0.026345035576371
ungated_seed42,2011-03-01,A019,0.4082107841968536,-0.0178233080710083
ungated_seed42,2011-04-01,A000,0.5139309167861938,-0.0284712553573274
ungated_seed42,2011-04-01,A001,0.8357548713684082,0.0374684930542903
ungated_seed42,2011-04-01,A002,0.7505443692207336,0.0153320207874357
ungated_seed42,2011-04-01,A003,0.8856015205383301,0.0417487616915204
ungated_seed42,2011-04-01,A004,0.8641784191131592,0.0275171262288646
ungated_seed42,2011-04-01,A005,0.4199565351009369,-0.0269750754206587
ungated_seed42,2011-04-01,A006,0.16754050552845,-0.0072868079205745
ungated_seed42,2011-04-01,A007,0.8488682508468628,0.029437913642112
ungated_seed42,2011-04-01,A008,0.5935757160186768,-0.0071474110263847
ungated_seed42,2011-04-01,A009,0.8734040260314941,0.030826341403618
ungated_seed42,2011-04-01,A010,0.4727453589439392,-0.0027607489173568
ungated_seed42,2011-04-01,A011,0.8870558142662048,0.0275263432520944
ungated_seed42,2011-04-01,A012,0.2703641355037689,-0.0209478003853413
ungated_seed42,2011-04-01,A013,0.3696672618389129,-0.0231598584682176
ungated_seed42,2011-04-01,A014,0.8608551621437073,0.0339727940864105
ungated_seed42,2011-04-01,A015,0.1781441420316696,-0.0225487104062226
ungated_seed42,2011-04-01,A016,0.6908560991287231,0.0217932468323851
ungated_seed42,2011-04-01,A017,0.2351540029048919,-0.0366982213619263
ungated_seed42,2011-04-01,A018,0.8595565557479858,0.0472669249290673
ungated_seed42,2011-04-01,A019,0.4216260612010956,-0.013511000838171
ungated_seed42,2011-05-01,A000,0.8426348567008972,0.0351443163840719
ungated_seed42,2011-05-01,A001,0.6944077014923096,-0.0112941982293964
ungated_seed42,2011-05-01,A002,0.7809115648269653,0.0094350436850978
ungated_seed42,2011-05-01,A003,0.8621488213539124,0.0179891819122189
ungated_seed42,2011-05-01,A004,0.815140962600708,0.0294091612958136
ungated_seed42,2011-05-01,A005,0.384022444486618,-0.014621368265663
ungated_seed42,2011-05-01,A006,0.313296377658844,-0.0049513982054179
ungated_seed42,2011-05-01,A007,0.6994364261627197,0.0422658169760727
ungated_seed42,2011-05-01,A008,0.6063734292984009,-0.010775518984278
ungated_seed42,2011-05-01,A009,0.6870740652084351,0.0028752680999329
ungated_seed42,2011-05-01,A010,0.5442067384719849,-0.0099410447293096
ungated_seed42,2011-05-01,A011,0.8313428163528442,0.0358200578109382
ungated_seed42,2011-05-01,A012,0.2239757180213928,-0.0281948584714765
ungated_seed42,2011-05-01,A013,0.2474011778831482,-0.0433968591832211
ungated_seed42,2011-05-01,A014,0.4856801331043243,-0.0140923719989727
ungated_seed42,2011-05-01,A015,0.4844634234905243,0.0155522271766558
ungated_seed42,2011-05-01,A016,0.702804446220398,0.0115065283482093
ungated_seed42,2011-05-01,A017,0.2028996348381042,-0.0230481905109516
ungated_seed42,2011-05-01,A018,0.7269150614738464,0.0156939176198423
ungated_seed42,2011-05-01,A019,0.6038234233856201,0.0097436254850538
ungated_seed42,2011-06-01,A000,0.722507119178772,0.0158302880065404
ungated_seed42,2011-06-01,A001,0.5074862241744995,-0.0059785027884293
ungated_seed42,2011-06-01,A002,0.3588776886463165,-0.0213402654454322
ungated_seed42,2011-06-01,A003,0.4975718557834625,-0.0261243257827932
ungated_seed42,2011-06-01,A004,0.6318107843399048,0.0108791824319921
ungated_seed42,2011-06-01,A005,0.3803626000881195,0.0062486640234391
ungated_seed42,2011-06-01,A006,0.6365634202957153,0.0305123578001777
ungated_seed42,2011-06-01,A007,0.2410897612571716,-0.0139338085161223
ungated_seed42,2011-06-01,A008,0.3074793219566345,-0.0394967222654292
ungated_seed42,2011-06-01,A009,0.8466561436653137,0.0262700164530265
ungated_seed42,2011-06-01,A010,0.3020600378513336,-0.0159418853594593
ungated_seed42,2011-06-01,A011,0.7099614143371582,0.0211179079538988
ungated_seed42,2011-06-01,A012,0.663482666015625,0.0060045119715519
ungated_seed42,2011-06-01,A013,0.2482811659574508,-0.0353972879718166
ungated_seed42,2011-06-01,A014,0.5821965932846069,0.0082926534859372
ungated_seed42,2011-06-01,A015,0.5485501885414124,0.0011630571447451
ungated_seed42,2011-06-01,A016,0.8246771097183228,0.0389950136808114
ungated_seed42,2011-06-01,A017,0.1825888007879257,-0.0318501890197144
ungated_seed42,2011-06-01,A018,0.4359953701496124,-0.0063429164985771
ungated_seed42,2011-06-01,A019,0.3870804607868194,-0.0130218083944898
ungated_seed42,2011-07-01,A000,0.2347169369459152,-0.0329521905707636
ungated_seed42,2011-07-01,A001,0.7006708383560181,0.0264426042541644
ungated_seed42,2011-07-01,A002,0.4752346277236938,-0.0265987287515734
ungated_seed42,2011-07-01,A003,0.1938865184783935,-0.0188198039479752
ungated_seed42,2011-07-01,A004,0.7145973443984985,0.0120148286132278
ungated_seed42,2011-07-01,A005,0.1919775903224945,-0.054823195543119
ungated_seed42,2011-07-01,A006,0.4306207299232483,-0.0080954658437524
ungated_seed42,2011-07-01,A007,0.6528579592704773,0.0087156406153949
ungated_seed42,2011-07-01,A008,0.611187219619751,0.0187418564159157
ungated_seed42,2011-07-01,A009,0.5715129375457764,-0.0022131928781539
ungated_seed42,2011-07-01,A010,0.2393891364336013,-0.0267272499354414
ungated_seed42,2011-07-01,A011,0.874775230884552,0.0399293167566066
ungated_seed42,2011-07-01,A012,0.7271301746368408,0.0214597467914956
ungated_seed42,2011-07-01,A013,0.1864904761314392,-0.0336773339816415
ungated_seed42,2011-07-01,A014,0.7660399079322815,0.0348820873680171
ungated_seed42,2011-07-01,A015,0.815322995185852,0.0223516376476695
ungated_seed42,2011-07-01,A016,0.8535952568054199,0.0373489761704721
ungated_seed42,2011-07-01,A017,0.5213615894317627,0.0080706728059094
ungated_seed42,2011-07-01,A018,0.5812115669250488,-0.0142589149208928
ungated_seed42,2011-07-01,A019,0.2081290036439895,-0.0215516577401235
ungated_seed42,2011-08-01,A000,0.2332483977079391,-0.0227136007249623
ungated_seed42,2011-08-01,A001,0.8480412364006042,0.0475622139810058
ungated_seed42,2011-08-01,A002,0.321039617061615,-0.0294892127512378
ungated_seed42,2011-08-01,A003,0.2127964943647384,-0.0455428157443897
ungated_seed42,2011-08-01,A004,0.3017617464065552,0.004974856377802
ungated_seed42,2011-08-01,A005,0.2296257317066192,-0.0421790998857631
ungated_seed42,2011-08-01,A006,0.3419143259525299,-0.0267003770058086
ungated_seed42,2011-08-01,A007,0.7807667255401611,0.0291197782689658
ungated_seed42,2011-08-01,A008,0.5959668159484863,0.003818541257328
ungated_seed42,2011-08-01,A009,0.3244745135307312,-0.020655086067932
ungated_seed42,2011-08-01,A010,0.3116578161716461,-0.0346155235279207
ungated_seed42,2011-08-01,A011,0.8437317609786987,0.0168341560596324
ungated_seed42,2011-08-01,A012,0.2383385449647903,-0.0388296694064998
ungated_seed42,2011-08-01,A013,0.2260223478078842,-0.0277379961502665
ungated_seed42,2011-08-01,A014,0.8507551550865173,0.0328229613175063
ungated_seed42,2011-08-01,A015,0.6087071895599365,0.014903273700356
ungated_seed42,2011-08-01,A016,0.7481824159622192,0.0178342420866714
ungated_seed42,2011-08-01,A017,0.3145930469036102,-0.0172005573449259
ungated_seed42,2011-08-01,A018,0.7286555767059326,0.0015819181569259
ungated_seed42,2011-08-01,A019,0.4483761489391327,-0.0297117978320962
gated_seed42,2011-03-01,A000,0.4698290824890136,-0.0091808789262993
gated_seed42,2011-03-01,A001,0.5200284719467163,-0.0016885156635156
gated_seed42,2011-03-01,A002,0.3571276068687439,-0.0038856763090775
gated_seed42,2011-03-01,A003,0.6832641363143921,0.0307451318446793
gated_seed42,2011-03-01,A004,0.423901617527008,-0.02200631936133
gated_seed42,2011-03-01,A005,0.8406749963760376,0.0297279523590042
gated_seed42,2011-03-01,A006,0.7843964099884033,0.0082640608342211
gated_seed42,2011-03-01,A007,0.5535222291946411,0.012252245859251
gated_seed42,2011-03-01,A008,0.8744380474090576,0.0321552817867419
gated_seed42,2011-03-01,A009,0.6794369220733643,0.0004529099813704
gated_seed42,2011-03-01,A010,0.7193182706832886,0.0071152307256658
gated_seed42,2011-03-01,A011,0.199378103017807,-0.0356057037997052
gated_seed42,2011-03-01,A012,0.5993747711181641,0.0015808356907213
gated_seed42,2011-03-01,A013,0.5091395378112793,-0.0058673968646965
gated_seed42,2011-03-01,A014,0.5889098644256592,-0.0085007202899295
gated_seed42,2011-03-01,A015,0.5625382661819458,0.0106955246094036
gated_seed42,2011-03-01,A016,0.1705087423324585,-0.0392086151152925
gated_seed42,2011-03-01,A017,0.393222451210022,-0.0072768829319287
gated_seed42,2011-03-01,A018,0.8207917213439941,0.026345035576371
gated_seed42,2011-03-01,A019,0.345175564289093,-0.0178233080710083
gated_seed42,2011-04-01,A000,0.471242219209671,-0.0284712553573274
gated_seed42,2011-04-01,A001,0.84425288438797,0.0374684930542903
gated_seed42,2011-04-01,A002,0.7488924860954285,0.0153320207874357
gated_seed42,2011-04-01,A003,0.8868916034698486,0.0417487616915204
gated_seed42,2011-04-01,A004,0.8687388896942139,0.0275171262288646
gated_seed42,2011-04-01,A005,0.4067351818084717,-0.0269750754206587
gated_seed42,2011-04-01,A006,0.1880630254745483,-0.0072868079205745
gated_seed42,2011-04-01,A007,0.853468120098114,0.029437913642112
gated_seed42,2011-04-01,A008,0.5833121538162231,-0.0071474110263847
gated_seed42,2011-04-01,A009,0.8802865743637085,0.030826341403618
gated_seed42,2011-04-01,A010,0.5194510221481323,-0.0027607489173568
gated_seed42,2011-04-01,A011,0.8873233199119568,0.0275263432520944
gated_seed42,2011-04-01,A012,0.2913299202919006,-0.0209478003853413
gated_seed42,2011-04-01,A013,0.3467592298984527,-0.0231598584682176
gated_seed42,2011-04-01,A014,0.8659315705299377,0.0339727940864105
gated_seed42,2011-04-01,A015,0.1770186424255371,-0.0225487104062226
gated_seed42,2011-04-01,A016,0.6579029560089111,0.0217932468323851
gated_seed42,2011-04-01,A017,0.2709018886089325,-0.0366982213619263
gated_seed42,2011-04-01,A018,0.8671400547027588,0.0472669249290673
gated_seed42,2011-04-01,A019,0.4185901880264282,-0.013511000838171
gated_seed42,2011-05-01,A000,0.8248604536056519,0.0351443163840719
gated_seed42,2011-05-01,A001,0.6663995981216431,-0.0112941982293964
gated_seed42,2011-05-01,A002,0.698432445526123,0.0094350436850978
gated_seed42,2011-05-01,A003,0.8401228189468384,0.0179891819122189
gated_seed42,2011-05-01,A004,0.7520613074302673,0.0294091612958136
gated_seed42,2011-05-01,A005,0.3794708251953125,-0.014621368265663
gated_seed42,2011-05-01,A006,0.3153217732906341,-0.0049513982054179
gated_seed42,2011-05-01,A007,0.650210440158844,0.0422658169760727
gated_seed42,2011-05-01,A008,0.6075924634933472,-0.010775518984278
gated_seed42,2011-05-01,A009,0.7414830923080444,0.0028752680999329
gated_seed42,2011-05-01,A010,0.5465173721313477,-0.0099410447293096
gated_seed42,2011-05-01,A011,0.8119950294494629,0.0358200578109382
gated_seed42,2011-05-01,A012,0.2717946767807007,-0.0281948584714765
gated_seed42,2011-05-01,A013,0.24513541162014,-0.0433968591832211
gated_seed42,2011-05-01,A014,0.5023586750030518,-0.0140923719989727
gated_seed42,2011-05-01,A015,0.4677743911743164,0.0155522271766558
gated_seed42,2011-05-01,A016,0.6863826513290405,0.0115065283482093
gated_seed42,2011-05-01,A017,0.2309613227844238,-0.0230481905109516
gated_seed42,2011-05-01,A018,0.672378420829773,0.0156939176198423
gated_seed42,2011-05-01,A019,0.5774690508842468,0.0097436254850538
gated_seed42,2011-06-01,A000,0.7495374083518982,0.0158302880065404
gated_seed42,2011-06-01,A001,0.4899787306785583,-0.0059785027884293
gated_seed42,2011-06-01,A002,0.2519069314002991,-0.0213402654454322
gated_seed42,2011-06-01,A003,0.418377935886383,-0.0261243257827932
gated_seed42,2011-06-01,A004,0.6360173225402832,0.0108791824319921
gated_seed42,2011-06-01,A005,0.4366011023521423,0.0062486640234391
gated_seed42,2011-06-01,A006,0.6446939706802368,0.0305123578001777
gated_seed42,2011-06-01,A007,0.2243465781211853,-0.0139338085161223
gated_seed42,2011-06-01,A008,0.2248902022838592,-0.0394967222654292
gated_seed42,2011-06-01,A009,0.834518313407898,0.0262700164530265
gated_seed42,2011-06-01,A010,0.2441993653774261,-0.0159418853594593
gated_seed42,2011-06-01,A011,0.7514933347702026,0.0211179079538988
gated_seed42,2011-06-01,A012,0.6658401489257812,0.0060045119715519
gated_seed42,2011-06-01,A013,0.2302414327859878,-0.0353972879718166
gated_seed42,2011-06-01,A014,0.6031320095062256,0.0082926534859372
gated_seed42,2011-06-01,A015,0.5911585092544556,0.0011630571447451
gated_seed42,2011-06-01,A016,0.8201342821121216,0.0389950136808114
gated_seed42,2011-06-01,A017,0.17311891913414,-0.0318501890197144
gated_seed42,2011-06-01,A018,0.3256584107875824,-0.0063429164985771
gated_seed42,2011-06-01,A019,0.3484725058078766,-0.0130218083944898
gated_seed42,2011-07-01,A000,0.2229762375354766,-0.0329521905707636
gated_seed42,2011-07-01,A001,0.7656853199005127,0.0264426042541644
gated_seed42,2011-07-01,A002,0.4482918083667755,-0.0265987287515734
gated_seed42,2011-07-01,A003,0.1960308253765106,-0.0188198039479752
gated_seed42,2011-07-01,A004,0.7325613498687744,0.0120148286132278
gated_seed42,2011-07-01,A005,0.1965174525976181,-0.054823195543119
gated_seed42,2011-07-01,A006,0.502763032913208,-0.0080954658437524
gated_seed42,2011-07-01,A007,0.6358385682106018,0.0087156406153949
gated_seed42,2011-07-01,A008,0.595031201839447,0.0187418564159157
gated_seed42,2011-07-01,A009,0.5676089525222778,-0.0022131928781539
gated_seed42,2011-07-01,A010,0.2470158785581588,-0.0267272499354414
gated_seed42,2011-07-01,A011,0.8663058280944824,0.0399293167566066
gated_seed42,2011-07-01,A012,0.7323154211044312,0.0214597467914956
gated_seed42,2011-07-01,A013,0.1874274015426635,-0.0336773339816415
gated_seed42,2011-07-01,A014,0.7572548389434814,0.0348820873680171
gated_seed42,2011-07-01,A015,0.8039796352386475,0.0223516376476695
gated_seed42,2011-07-01,A016,0.846012532711029,0.0373489761704721
gated_seed42,2011-07-01,A017,0.4178974032402038,0.0080706728059094
gated_seed42,2011-07-01,A018,0.6390199065208435,-0.0142589149208928
gated_seed42,2011-07-01,A019,0.214903637766838,-0.0215516577401235
gated_seed42,2011-08-01,A000,0.2101204991340637,-0.0227136007249623
gated_seed42,2011-08-01,A001,0.8389194011688232,0.0475622139810058
gated_seed42,2011-08-01,A002,0.2803689539432525,-0.0294892127512378
gated_seed42,2011-08-01,A003,0.1705741584300995,-0.0455428157443897
gated_seed42,2011-08-01,A004,0.3215304315090179,0.004974856377802
gated_seed42,2011-08-01,A005,0.1803314238786697,-0.0421790998857631
gated_seed42,2011-08-01,A006,0.3971012830734253,-0.0267003770058086
gated_seed42,2011-08-01,A007,0.8035656213760376,0.0291197782689658
gated_seed42,2011-08-01,A008,0.6229709982872009,0.003818541257328
gated_seed42,2011-08-01,A009,0.3713921904563904,-0.020655086067932
gated_seed42,2011-08-01,A010,0.2877018749713897,-0.0346155235279207
gated_seed42,2011-08-01,A011,0.846324622631073,0.0168341560596324
gated_seed42,2011-08-01,A012,0.1812700778245926,-0.0388296694064998
gated_seed42,2011-08-01,A013,0.1753724664449691,-0.0277379961502665
gated_seed42,2011-08-01,A014,0.8392437696456909,0.0328229613175063
gated_seed42,2011-08-01,A015,0.7043309807777405,0.014903273700356
gated_seed42,2011-08-01,A016,0.8213645815849304,0.0178342420866714
gated_seed42,2011-08-01,A017,0.2742940187454223,-0.0172005573449259
gated_seed42,2011-08-01,A018,0.5347525477409363,0.0015819181569259
gated_seed42,2011-08-01,A019,0.4137672185897827,-0.0297117978320962
gated_prediction_only_seed42,2011-03-01,A000,0.5523574352264404,-0.0091808789262993
gated_prediction_only_seed42,2011-03-01,A001,0.5509668588638306,-0.0016885156635156
gated_prediction_only_seed42,2011-03-01,A002,0.4083582460880279,-0.0038856763090775
gated_prediction_only_seed42,2011-03-01,A003,0.6631639003753662,0.0307451318446793
gated_prediction_only_seed42,2011-03-01,A004,0.4944155812263489,-0.02200631936133
gated_prediction_only_seed42,2011-03-01,A005,0.784965991973877,0.0297279523590042
gated_prediction_only_seed42,2011-03-01,A006,0.758054256439209,0.0082640608342211
gated_prediction_only_seed42,2011-03-01,A007,0.6163102388381958,0.012252245859251
gated_prediction_only_seed42,2011-03-01,A008,0.7954227924346924,0.0321552817867419
gated_prediction_only_seed42,2011-03-01,A009,0.7057833671569824,0.0004529099813704
gated_prediction_only_seed42,2011-03-01,A010,0.6714277267456055,0.0071152307256658
gated_prediction_only_seed42,2011-03-01,A011,0.2287520319223404,-0.0356057037997052
gated_prediction_only_seed42,2011-03-01,A012,0.6671587824821472,0.0015808356907213
gated_prediction_only_seed42,2011-03-01,A013,0.5897011756896973,-0.0058673968646965
gated_prediction_only_seed42,2011-03-01,A014,0.6524233818054199,-0.0085007202899295
gated_prediction_only_seed42,2011-03-01,A015,0.6362853646278381,0.0106955246094036
gated_prediction_only_seed42,2011-03-01,A016,0.1809002608060836,-0.0392086151152925
gated_prediction_only_seed42,2011-03-01,A017,0.440496027469635,-0.0072768829319287
gated_prediction_only_seed42,2011-03-01,A018,0.723342776298523,0.026345035576371
gated_prediction_only_seed42,2011-03-01,A019,0.3969399333000183,-0.0178233080710083
gated_prediction_only_seed42,2011-04-01,A000,0.4593925774097442,-0.0284712553573274
gated_prediction_only_seed42,2011-04-01,A001,0.8321683406829834,0.0374684930542903
gated_prediction_only_seed42,2011-04-01,A002,0.729712963104248,0.0153320207874357
gated_prediction_only_seed42,2011-04-01,A003,0.879505455493927,0.0417487616915204
gated_prediction_only_seed42,2011-04-01,A004,0.852186918258667,0.0275171262288646
gated_prediction_only_seed42,2011-04-01,A005,0.3999205529689789,-0.0269750754206587
gated_prediction_only_seed42,2011-04-01,A006,0.1726716607809066,-0.0072868079205745
gated_prediction_only_seed42,2011-04-01,A007,0.8147712349891663,0.029437913642112
gated_prediction_only_seed42,2011-04-01,A008,0.5825843811035156,-0.0071474110263847
gated_prediction_only_seed42,2011-04-01,A009,0.8687906265258789,0.030826341403618
gated_prediction_only_seed42,2011-04-01,A010,0.4908217191696167,-0.0027607489173568
gated_prediction_only_seed42,2011-04-01,A011,0.8869510889053345,0.0275263432520944
gated_prediction_only_seed42,2011-04-01,A012,0.2769910395145416,-0.0209478003853413
gated_prediction_only_seed42,2011-04-01,A013,0.3285686373710632,-0.0231598584682176
gated_prediction_only_seed42,2011-04-01,A014,0.8516707420349121,0.0339727940864105
gated_prediction_only_seed42,2011-04-01,A015,0.163054272532463,-0.0225487104062226
gated_prediction_only_seed42,2011-04-01,A016,0.6404587030410767,0.0217932468323851
gated_prediction_only_seed42,2011-04-01,A017,0.2386534065008163,-0.0366982213619263
gated_prediction_only_seed42,2011-04-01,A018,0.8457120656967163,0.0472669249290673
gated_prediction_only_seed42,2011-04-01,A019,0.42596635222435,-0.013511000838171
gated_prediction_only_seed42,2011-05-01,A000,0.8329113125801086,0.0351443163840719
gated_prediction_only_seed42,2011-05-01,A001,0.6712018251419067,-0.0112941982293964
gated_prediction_only_seed42,2011-05-01,A002,0.7036806344985962,0.0094350436850978
gated_prediction_only_seed42,2011-05-01,A003,0.8482901453971863,0.0179891819122189
gated_prediction_only_seed42,2011-05-01,A004,0.7605001926422119,0.0294091612958136
gated_prediction_only_seed42,2011-05-01,A005,0.3553850054740906,-0.014621368265663
gated_prediction_only_seed42,2011-05-01,A006,0.2909314632415771,-0.0049513982054179
gated_prediction_only_seed42,2011-05-01,A007,0.6868809461593628,0.0422658169760727
gated_prediction_only_seed42,2011-05-01,A008,0.5819703936576843,-0.010775518984278
gated_prediction_only_seed42,2011-05-01,A009,0.7534927129745483,0.0028752680999329
gated_prediction_only_seed42,2011-05-01,A010,0.5565187931060791,-0.0099410447293096
gated_prediction_only_seed42,2011-05-01,A011,0.8126943111419678,0.0358200578109382
gated_prediction_only_seed42,2011-05-01,A012,0.2514325380325317,-0.0281948584714765
gated_prediction_only_seed42,2011-05-01,A013,0.2326662838459015,-0.0433968591832211
gated_prediction_only_seed42,2011-05-01,A014,0.4688141942024231,-0.0140923719989727
gated_prediction_only_seed42,2011-05-01,A015,0.4974506795406341,0.0155522271766558
gated_prediction_only_seed42,2011-05-01,A016,0.6868966221809387,0.0115065283482093
gated_prediction_only_seed42,2011-05-01,A017,0.2352463752031326,-0.0230481905109516
gated_prediction_only_seed42,2011-05-01,A018,0.6887401342391968,0.0156939176198423
gated_prediction_only_seed42,2011-05-01,A019,0.5678572654724121,0.0097436254850538
gated_prediction_only_seed42,2011-06-01,A000,0.7627559900283813,0.0158302880065404
gated_prediction_only_seed42,2011-06-01,A001,0.4799634218215942,-0.0059785027884293
gated_prediction_only_seed42,2011-06-01,A002,0.2582658529281616,-0.0213402654454322
gated_prediction_only_seed42,2011-06-01,A003,0.2853763401508331,-0.0261243257827932
gated_prediction_only_seed42,2011-06-01,A004,0.6176192164421082,0.0108791824319921
gated_prediction_only_seed42,2011-06-01,A005,0.3856086134910583,0.0062486640234391
gated_prediction_only_seed42,2011-06-01,A006,0.7246439456939697,0.0305123578001777
gated_prediction_only_seed42,2011-06-01,A007,0.2263538986444473,-0.0139338085161223
gated_prediction_only_seed42,2011-06-01,A008,0.2289876341819763,-0.0394967222654292
gated_prediction_only_seed42,2011-06-01,A009,0.8953767418861389,0.0262700164530265
gated_prediction_only_seed42,2011-06-01,A010,0.2685647904872894,-0.0159418853594593
gated_prediction_only_seed42,2011-06-01,A011,0.777606725692749,0.0211179079538988
gated_prediction_only_seed42,2011-06-01,A012,0.7639517188072205,0.0060045119715519
gated_prediction_only_seed42,2011-06-01,A013,0.2465243935585022,-0.0353972879718166
gated_prediction_only_seed42,2011-06-01,A014,0.5915709137916565,0.0082926534859372
gated_prediction_only_seed42,2011-06-01,A015,0.634734034538269,0.0011630571447451
gated_prediction_only_seed42,2011-06-01,A016,0.8748064637184143,0.0389950136808114
gated_prediction_only_seed42,2011-06-01,A017,0.1891724616289138,-0.0318501890197144
gated_prediction_only_seed42,2011-06-01,A018,0.5009303092956543,-0.0063429164985771
gated_prediction_only_seed42,2011-06-01,A019,0.4177881181240082,-0.0130218083944898
gated_prediction_only_seed42,2011-07-01,A000,0.2292448580265045,-0.0329521905707636
gated_prediction_only_seed42,2011-07-01,A001,0.7763519883155823,0.0264426042541644
gated_prediction_only_seed42,2011-07-01,A002,0.4556897282600403,-0.0265987287515734
gated_prediction_only_seed42,2011-07-01,A003,0.1969289928674698,-0.0188198039479752
gated_prediction_only_seed42,2011-07-01,A004,0.7316859364509583,0.0120148286132278
gated_prediction_only_seed42,2011-07-01,A005,0.1977441012859344,-0.054823195543119
gated_prediction_only_seed42,2011-07-01,A006,0.4774077832698822,-0.0080954658437524
gated_prediction_only_seed42,2011-07-01,A007,0.6361949443817139,0.0087156406153949
gated_prediction_only_seed42,2011-07-01,A008,0.5891728401184082,0.0187418564159157
gated_prediction_only_seed42,2011-07-01,A009,0.5697259306907654,-0.0022131928781539
gated_prediction_only_seed42,2011-07-01,A010,0.2518396079540252,-0.0267272499354414
gated_prediction_only_seed42,2011-07-01,A011,0.8623928427696228,0.0399293167566066
gated_prediction_only_seed42,2011-07-01,A012,0.733076274394989,0.0214597467914956
gated_prediction_only_seed42,2011-07-01,A013,0.1887898445129394,-0.0336773339816415
gated_prediction_only_seed42,2011-07-01,A014,0.7616766691207886,0.0348820873680171
gated_prediction_only_seed42,2011-07-01,A015,0.8114708662033081,0.0223516376476695
gated_prediction_only_seed42,2011-07-01,A016,0.8425129055976868,0.0373489761704721
gated_prediction_only_seed42,2011-07-01,A017,0.4351717531681061,0.0080706728059094
gated_prediction_only_seed42,2011-07-01,A018,0.6165741682052612,-0.0142589149208928
gated_prediction_only_seed42,2011-07-01,A019,0.2134274691343307,-0.0215516577401235
gated_prediction_only_seed42,2011-08-01,A000,0.2482676804065704,-0.0227136007249623
gated_prediction_only_seed42,2011-08-01,A001,0.8363725543022156,0.0475622139810058
gated_prediction_only_seed42,2011-08-01,A002,0.2968614995479584,-0.0294892127512378
gated_prediction_only_seed42,2011-08-01,A003,0.2316962033510208,-0.0455428157443897
gated_prediction_only_seed42,2011-08-01,A004,0.3493428230285644,0.004974856377802
gated_prediction_only_seed42,2011-08-01,A005,0.2484379112720489,-0.0421790998857631
gated_prediction_only_seed42,2011-08-01,A006,0.4323307871818542,-0.0267003770058086
gated_prediction_only_seed42,2011-08-01,A007,0.8032451868057251,0.0291197782689658
gated_prediction_only_seed42,2011-08-01,A008,0.6197382211685181,0.003818541257328
gated_prediction_only_seed42,2011-08-01,A009,0.361411452293396,-0.020655086067932
gated_prediction_only_seed42,2011-08-01,A010,0.3338363468647003,-0.0346155235279207
gated_prediction_only_seed42,2011-08-01,A011,0.8465110659599304,0.0168341560596324
gated_prediction_only_seed42,2011-08-01,A012,0.2380260229110717,-0.0388296694064998
gated_prediction_only_seed42,2011-08-01,A013,0.2302007228136062,-0.0277379961502665
gated_prediction_only_seed42,2011-08-01,A014,0.8376132249832153,0.0328229613175063
gated_prediction_only_seed42,2011-08-01,A015,0.6583195328712463,0.014903273700356
gated_prediction_only_seed42,2011-08-01,A016,0.7997722029685974,0.0178342420866714
gated_prediction_only_seed42,2011-08-01,A017,0.295727789402008,-0.0172005573449259
gated_prediction_only_seed42,2011-08-01,A018,0.5837264657020569,0.0015819181569259
gated_prediction_only_seed42,2011-08-01,A019,0.4229928851127624,-0.0297117978320962
ungated_seed101,2011-03-01,A000,0.5136340260505676,-0.0091808789262993
ungated_seed101,2011-03-01,A001,0.58347088098526,-0.0016885156635156
ungated_seed101,2011-03-01,A002,0.358484536409378,-0.0038856763090775
ungated_seed101,2011-03-01,A003,0.5830451250076294,0.0307451318446793
ungated_seed101,2011-03-01,A004,0.3801430165767669,-0.02200631936133
ungated_seed101,2011-03-01,A005,0.7758200764656067,0.0297279523590042
ungated_seed101,2011-03-01,A006,0.7978255152702332,0.0082640608342211
ungated_seed101,2011-03-01,A007,0.5850789546966553,0.012252245859251
ungated_seed101,2011-03-01,A008,0.8438009023666382,0.0321552817867419
ungated_seed101,2011-03-01,A009,0.5837725400924683,0.0004529099813704
ungated_seed101,2011-03-01,A010,0.7642179131507874,0.0071152307256658
ungated_seed101,2011-03-01,A011,0.2023969441652298,-0.0356057037997052
ungated_seed101,2011-03-01,A012,0.7091633081436157,0.0015808356907213
ungated_seed101,2011-03-01,A013,0.505902886390686,-0.0058673968646965
ungated_seed101,2011-03-01,A014,0.5507843494415283,-0.0085007202899295
ungated_seed101,2011-03-01,A015,0.6354798078536987,0.0106955246094036
ungated_seed101,2011-03-01,A016,0.1692729145288467,-0.0392086151152925
ungated_seed101,2011-03-01,A017,0.3837678432464599,-0.0072768829319287
ungated_seed101,2011-03-01,A018,0.8016351461410522,0.026345035576371
ungated_seed101,2011-03-01,A019,0.3150934875011444,-0.0178233080710083
ungated_seed101,2011-04-01,A000,0.5573087930679321,-0.0284712553573274
ungated_seed101,2011-04-01,A001,0.8770629167556763,0.0374684930542903
ungated_seed101,2011-04-01,A002,0.8176863193511963,0.0153320207874357
ungated_seed101,2011-04-01,A003,0.8883785605430603,0.0417487616915204
ungated_seed101,2011-04-01,A004,0.855652928352356,0.0275171262288646
ungated_seed101,2011-04-01,A005,0.574154257774353,-0.0269750754206587
ungated_seed101,2011-04-01,A006,0.2132072150707245,-0.0072868079205745
ungated_seed101,2011-04-01,A007,0.8673986792564392,0.029437913642112
ungated_seed101,2011-04-01,A008,0.5840388536453247,-0.0071474110263847
ungated_seed101,2011-04-01,A009,0.8723654747009277,0.030826341403618
ungated_seed101,2011-04-01,A010,0.3690859079360962,-0.0027607489173568
ungated_seed101,2011-04-01,A011,0.8908670544624329,0.0275263432520944
ungated_seed101,2011-04-01,A012,0.3700552880764007,-0.0209478003853413
ungated_seed101,2011-04-01,A013,0.2974453270435333,-0.0231598584682176
ungated_seed101,2011-04-01,A014,0.8847845792770386,0.0339727940864105
ungated_seed101,2011-04-01,A015,0.1957259625196457,-0.0225487104062226
ungated_seed101,2011-04-01,A016,0.7871294021606445,0.0217932468323851
ungated_seed101,2011-04-01,A017,0.3531917333602905,-0.0366982213619263
ungated_seed101,2011-04-01,A018,0.8540820479393005,0.0472669249290673
ungated_seed101,2011-04-01,A019,0.4913802742958069,-0.013511000838171
ungated_seed101,2011-05-01,A000,0.8549603223800659,0.0351443163840719
ungated_seed101,2011-05-01,A001,0.7523790597915649,-0.0112941982293964
ungated_seed101,2011-05-01,A002,0.7985014915466309,0.0094350436850978
ungated_seed101,2011-05-01,A003,0.8541446924209595,0.0179891819122189
ungated_seed101,2011-05-01,A004,0.830271303653717,0.0294091612958136
ungated_seed101,2011-05-01,A005,0.4126831889152527,-0.014621368265663
ungated_seed101,2011-05-01,A006,0.448281466960907,-0.0049513982054179
ungated_seed101,2011-05-01,A007,0.7891052961349487,0.0422658169760727
ungated_seed101,2011-05-01,A008,0.6784263253211975,-0.010775518984278
ungated_seed101,2011-05-01,A009,0.7108711004257202,0.0028752680999329
ungated_seed101,2011-05-01,A010,0.5893239378929138,-0.0099410447293096
ungated_seed101,2011-05-01,A011,0.838381290435791,0.0358200578109382
ungated_seed101,2011-05-01,A012,0.2672658860683441,-0.0281948584714765
ungated_seed101,2011-05-01,A013,0.2318111956119537,-0.0433968591832211
ungated_seed101,2011-05-01,A014,0.4469101428985595,-0.0140923719989727
ungated_seed101,2011-05-01,A015,0.5267190337181091,0.0155522271766558
ungated_seed101,2011-05-01,A016,0.6151310801506042,0.0115065283482093
ungated_seed101,2011-05-01,A017,0.2410794645547866,-0.0230481905109516
ungated_seed101,2011-05-01,A018,0.7895157337188721,0.0156939176198423
ungated_seed101,2011-05-01,A019,0.6392636299133301,0.0097436254850538
ungated_seed101,2011-06-01,A000,0.7546672821044922,0.0158302880065404
ungated_seed101,2011-06-01,A001,0.5813685655593872,-0.0059785027884293
ungated_seed101,2011-06-01,A002,0.3347315490245819,-0.0213402654454322
ungated_seed101,2011-06-01,A003,0.2614376842975616,-0.0261243257827932
ungated_seed101,2011-06-01,A004,0.7045164704322815,0.0108791824319921
ungated_seed101,2011-06-01,A005,0.3922685384750366,0.0062486640234391
ungated_seed101,2011-06-01,A006,0.7206604480743408,0.0305123578001777
ungated_seed101,2011-06-01,A007,0.213304340839386,-0.0139338085161223
ungated_seed101,2011-06-01,A008,0.2492520809173584,-0.0394967222654292
ungated_seed101,2011-06-01,A009,0.8695617914199829,0.0262700164530265
ungated_seed101,2011-06-01,A010,0.3389661312103271,-0.0159418853594593
ungated_seed101,2011-06-01,A011,0.7548201680183411,0.0211179079538988
ungated_seed101,2011-06-01,A012,0.714267373085022,0.0060045119715519
ungated_seed101,2011-06-01,A013,0.2369745224714279,-0.0353972879718166
ungated_seed101,2011-06-01,A014,0.6029608845710754,0.0082926534859372
ungated_seed101,2011-06-01,A015,0.6698422431945801,0.0011630571447451
ungated_seed101,2011-06-01,A016,0.84010910987854,0.0389950136808114
ungated_seed101,2011-06-01,A017,0.2161912769079208,-0.0318501890197144
ungated_seed101,2011-06-01,A018,0.4156342446804046,-0.0063429164985771
ungated_seed101,2011-06-01,A019,0.3746137619018554,-0.0130218083944898
ungated_seed101,2011-07-01,A000,0.2537809908390045,-0.0329521905707636
ungated_seed101,2011-07-01,A001,0.8198301196098328,0.0264426042541644
ungated_seed101,2011-07-01,A002,0.5069088935852051,-0.0265987287515734
ungated_seed101,2011-07-01,A003,0.2233622819185257,-0.0188198039479752
ungated_seed101,2011-07-01,A004,0.7514568567276001,0.0120148286132278
ungated_seed101,2011-07-01,A005,0.2252512574195861,-0.054823195543119
ungated_seed101,2011-07-01,A006,0.4402906894683838,-0.0080954658437524
ungated_seed101,2011-07-01,A007,0.6820391416549683,0.0087156406153949
ungated_seed101,2011-07-01,A008,0.6178879737854004,0.0187418564159157
ungated_seed101,2011-07-01,A009,0.5645872354507446,-0.0022131928781539
ungated_seed101,2011-07-01,A010,0.2731433510780334,-0.0267272499354414
ungated_seed101,2011-07-01,A011,0.8594987988471985,0.0399293167566066
ungated_seed101,2011-07-01,A012,0.7702833414077759,0.0214597467914956
ungated_seed101,2011-07-01,A013,0.2194603085517883,-0.0336773339816415
ungated_seed101,2011-07-01,A014,0.796083390712738,0.0348820873680171
ungated_seed101,2011-07-01,A015,0.8311681747436523,0.0223516376476695
ungated_seed101,2011-07-01,A016,0.8481155037879944,0.0373489761704721
ungated_seed101,2011-07-01,A017,0.5984187126159668,0.0080706728059094
ungated_seed101,2011-07-01,A018,0.6084901094436646,-0.0142589149208928
ungated_seed101,2011-07-01,A019,0.2356235980987548,-0.0215516577401235
ungated_seed101,2011-08-01,A000,0.2825287580490112,-0.0227136007249623
ungated_seed101,2011-08-01,A001,0.8015971779823303,0.0475622139810058
ungated_seed101,2011-08-01,A002,0.2553286254405975,-0.0294892127512378
ungated_seed101,2011-08-01,A003,0.2095603048801422,-0.0455428157443897
ungated_seed101,2011-08-01,A004,0.2981605231761932,0.004974856377802
ungated_seed101,2011-08-01,A005,0.2211725413799286,-0.0421790998857631
ungated_seed101,2011-08-01,A006,0.3154211640357971,-0.0267003770058086
ungated_seed101,2011-08-01,A007,0.7909325361251831,0.0291197782689658
ungated_seed101,2011-08-01,A008,0.5858774781227112,0.003818541257328
ungated_seed101,2011-08-01,A009,0.353976160287857,-0.020655086067932
ungated_seed101,2011-08-01,A010,0.2870202958583832,-0.0346155235279207
ungated_seed101,2011-08-01,A011,0.8643745183944702,0.0168341560596324
ungated_seed101,2011-08-01,A012,0.2051382660865783,-0.0388296694064998
ungated_seed101,2011-08-01,A013,0.2081786841154098,-0.0277379961502665
ungated_seed101,2011-08-01,A014,0.8175261616706848,0.0328229613175063
ungated_seed101,2011-08-01,A015,0.5423526763916016,0.014903273700356
ungated_seed101,2011-08-01,A016,0.764893114566803,0.0178342420866714
ungated_seed101,2011-08-01,A017,0.351421982049942,-0.0172005573449259
ungated_seed101,2011-08-01,A018,0.7033452987670898,0.0015819181569259
ungated_seed101,2011-08-01,A019,0.4823314845561981,-0.0297117978320962
gated_seed101,2011-03-01,A000,0.5390862226486206,-0.0091808789262993
gated_seed101,2011-03-01,A001,0.6080700159072876,-0.0016885156635156
gated_seed101,2011-03-01,A002,0.3607343733310699,-0.0038856763090775
gated_seed101,2011-03-01,A003,0.6471669673919678,0.0307451318446793
gated_seed101,2011-03-01,A004,0.4488126635551452,-0.02200631936133
gated_seed101,2011-03-01,A005,0.7758227586746216,0.0297279523590042
gated_seed101,2011-03-01,A006,0.7413620352745056,0.0082640608342211
gated_seed101,2011-03-01,A007,0.6046023368835449,0.012252245859251
gated_seed101,2011-03-01,A008,0.8343181014060974,0.0321552817867419
gated_seed101,2011-03-01,A009,0.6624912023544312,0.0004529099813704
gated_seed101,2011-03-01,A010,0.8147327899932861,0.0071152307256658
gated_seed101,2011-03-01,A011,0.2142304033041,-0.0356057037997052
gated_seed101,2011-03-01,A012,0.7383067607879639,0.0015808356907213
gated_seed101,2011-03-01,A013,0.4535668194293976,-0.0058673968646965
gated_seed101,2011-03-01,A014,0.6017377376556396,-0.0085007202899295
gated_seed101,2011-03-01,A015,0.6361607313156128,0.0106955246094036
gated_seed101,2011-03-01,A016,0.1805007010698318,-0.0392086151152925
gated_seed101,2011-03-01,A017,0.3605711460113525,-0.0072768829319287
gated_seed101,2011-03-01,A018,0.8260495662689209,0.026345035576371
gated_seed101,2011-03-01,A019,0.3200529515743255,-0.0178233080710083
gated_seed101,2011-04-01,A000,0.4988216757774353,-0.0284712553573274
gated_seed101,2011-04-01,A001,0.8217055797576904,0.0374684930542903
gated_seed101,2011-04-01,A002,0.8288744688034058,0.0153320207874357
gated_seed101,2011-04-01,A003,0.8238503932952881,0.0417487616915204
gated_seed101,2011-04-01,A004,0.8464990258216858,0.0275171262288646
gated_seed101,2011-04-01,A005,0.3878306448459625,-0.0269750754206587
gated_seed101,2011-04-01,A006,0.2293814420700073,-0.0072868079205745
gated_seed101,2011-04-01,A007,0.8399530649185181,0.029437913642112
gated_seed101,2011-04-01,A008,0.6062154173851013,-0.0071474110263847
gated_seed101,2011-04-01,A009,0.8664976358413696,0.030826341403618
gated_seed101,2011-04-01,A010,0.4283648133277893,-0.0027607489173568
gated_seed101,2011-04-01,A011,0.844955563545227,0.0275263432520944
gated_seed101,2011-04-01,A012,0.310476690530777,-0.0209478003853413
gated_seed101,2011-04-01,A013,0.3038709461688995,-0.0231598584682176
gated_seed101,2011-04-01,A014,0.815427303314209,0.0339727940864105
gated_seed101,2011-04-01,A015,0.211852341890335,-0.0225487104062226
gated_seed101,2011-04-01,A016,0.6677154898643494,0.0217932468323851
gated_seed101,2011-04-01,A017,0.2593473792076111,-0.0366982213619263
gated_seed101,2011-04-01,A018,0.8574320673942566,0.0472669249290673
gated_seed101,2011-04-01,A019,0.4332231879234314,-0.013511000838171
gated_seed101,2011-05-01,A000,0.85951828956604,0.0351443163840719
gated_seed101,2011-05-01,A001,0.7496047616004944,-0.0112941982293964
gated_seed101,2011-05-01,A002,0.5508578419685364,0.0094350436850978
gated_seed101,2011-05-01,A003,0.8716230392456055,0.0179891819122189
gated_seed101,2011-05-01,A004,0.7493780851364136,0.0294091612958136
gated_seed101,2011-05-01,A005,0.3709212839603424,-0.014621368265663
gated_seed101,2011-05-01,A006,0.4495765566825866,-0.0049513982054179
gated_seed101,2011-05-01,A007,0.7221689820289612,0.0422658169760727
gated_seed101,2011-05-01,A008,0.5933801531791687,-0.010775518984278
gated_seed101,2011-05-01,A009,0.6188991665840149,0.0028752680999329
gated_seed101,2011-05-01,A010,0.5460320711135864,-0.0099410447293096
gated_seed101,2011-05-01,A011,0.8333339691162109,0.0358200578109382
gated_seed101,2011-05-01,A012,0.2519060671329498,-0.0281948584714765
gated_seed101,2011-05-01,A013,0.2224973291158676,-0.0433968591832211
gated_seed101,2011-05-01,A014,0.4610910415649414,-0.0140923719989727
gated_seed101,2011-05-01,A015,0.4940952360630035,0.0155522271766558
gated_seed101,2011-05-01,A016,0.5049896836280823,0.0115065283482093
gated_seed101,2011-05-01,A017,0.2209842056035995,-0.0230481905109516
gated_seed101,2011-05-01,A018,0.557806670665741,0.0156939176198423
gated_seed101,2011-05-01,A019,0.6195992827415466,0.0097436254850538
gated_seed101,2011-06-01,A000,0.8064190149307251,0.0158302880065404
gated_seed101,2011-06-01,A001,0.5574675798416138,-0.0059785027884293
gated_seed101,2011-06-01,A002,0.3576165735721588,-0.0213402654454322
gated_seed101,2011-06-01,A003,0.3095679879188537,-0.0261243257827932
gated_seed101,2011-06-01,A004,0.753064751625061,0.0108791824319921
gated_seed101,2011-06-01,A005,0.3152443170547485,0.0062486640234391
gated_seed101,2011-06-01,A006,0.7448418140411377,0.0305123578001777
gated_seed101,2011-06-01,A007,0.2525345385074615,-0.0139338085161223
gated_seed101,2011-06-01,A008,0.2502515912055969,-0.0394967222654292
gated_seed101,2011-06-01,A009,0.8550112247467041,0.0262700164530265
gated_seed101,2011-06-01,A010,0.3629116117954254,-0.0159418853594593
gated_seed101,2011-06-01,A011,0.8049030303955078,0.0211179079538988
gated_seed101,2011-06-01,A012,0.71342533826828,0.0060045119715519
gated_seed101,2011-06-01,A013,0.2598312199115753,-0.0353972879718166
gated_seed101,2011-06-01,A014,0.6038353443145752,0.0082926534859372
gated_seed101,2011-06-01,A015,0.7069308757781982,0.0011630571447451
gated_seed101,2011-06-01,A016,0.836857795715332,0.0389950136808114
gated_seed101,2011-06-01,A017,0.2335776835680008,-0.0318501890197144
gated_seed101,2011-06-01,A018,0.4784729480743408,-0.0063429164985771
gated_seed101,2011-06-01,A019,0.4315949976444244,-0.0130218083944898
gated_seed101,2011-07-01,A000,0.2295704185962677,-0.0329521905707636
gated_seed101,2011-07-01,A001,0.8112253546714783,0.0264426042541644
gated_seed101,2011-07-01,A002,0.4495549201965332,-0.0265987287515734
gated_seed101,2011-07-01,A003,0.1875183135271072,-0.0188198039479752
gated_seed101,2011-07-01,A004,0.7743924856185913,0.0120148286132278
gated_seed101,2011-07-01,A005,0.1905764490365982,-0.054823195543119
gated_seed101,2011-07-01,A006,0.339373916387558,-0.0080954658437524
gated_seed101,2011-07-01,A007,0.6507835388183594,0.0087156406153949
gated_seed101,2011-07-01,A008,0.6747203469276428,0.0187418564159157
gated_seed101,2011-07-01,A009,0.593688428401947,-0.0022131928781539
gated_seed101,2011-07-01,A010,0.2381943613290786,-0.0267272499354414
gated_seed101,2011-07-01,A011,0.8670172691345215,0.0399293167566066
gated_seed101,2011-07-01,A012,0.8054088354110718,0.0214597467914956
gated_seed101,2011-07-01,A013,0.1807755231857299,-0.0336773339816415
gated_seed101,2011-07-01,A014,0.7996295690536499,0.0348820873680171
gated_seed101,2011-07-01,A015,0.8495201468467712,0.0223516376476695
gated_seed101,2011-07-01,A016,0.8477032780647278,0.0373489761704721
gated_seed101,2011-07-01,A017,0.5803314447402954,0.0080706728059094
gated_seed101,2011-07-01,A018,0.6159555912017822,-0.0142589149208928
gated_seed101,2011-07-01,A019,0.1912607848644256,-0.0215516577401235
gated_seed101,2011-08-01,A000,0.2836380004882812,-0.0227136007249623
gated_seed101,2011-08-01,A001,0.8229436874389648,0.0475622139810058
gated_seed101,2011-08-01,A002,0.3063992857933044,-0.0294892127512378
gated_seed101,2011-08-01,A003,0.2197225689888,-0.0455428157443897
gated_seed101,2011-08-01,A004,0.2556746006011963,0.004974856377802
gated_seed101,2011-08-01,A005,0.2311889827251434,-0.0421790998857631
gated_seed101,2011-08-01,A006,0.3107520937919616,-0.0267003770058086
gated_seed101,2011-08-01,A007,0.7729827761650085,0.0291197782689658
gated_seed101,2011-08-01,A008,0.5732073783874512,0.003818541257328
gated_seed101,2011-08-01,A009,0.4313814640045166,-0.020655086067932
gated_seed101,2011-08-01,A010,0.2863198518753052,-0.0346155235279207
gated_seed101,2011-08-01,A011,0.8478940725326538,0.0168341560596324
gated_seed101,2011-08-01,A012,0.2278908789157867,-0.0388296694064998
gated_seed101,2011-08-01,A013,0.2200177609920501,-0.0277379961502665
gated_seed101,2011-08-01,A014,0.8248221278190613,0.0328229613175063
gated_seed101,2011-08-01,A015,0.5547715425491333,0.014903273700356
gated_seed101,2011-08-01,A016,0.6414867043495178,0.0178342420866714
gated_seed101,2011-08-01,A017,0.393181562423706,-0.0172005573449259
gated_seed101,2011-08-01,A018,0.7884469628334045,0.0015819181569259
gated_seed101,2011-08-01,A019,0.4404231309890747,-0.0297117978320962
gated_prediction_only_seed101,2011-03-01,A000,0.5461317300796509,-0.0091808789262993
gated_prediction_only_seed101,2011-03-01,A001,0.6169693470001221,-0.0016885156635156
gated_prediction_only_seed101,2011-03-01,A002,0.3584705889225006,-0.0038856763090775
gated_prediction_only_seed101,2011-03-01,A003,0.6148167848587036,0.0307451318446793
gated_prediction_only_seed101,2011-03-01,A004,0.4404611587524414,-0.02200631936133
gated_prediction_only_seed101,2011-03-01,A005,0.7787674069404602,0.0297279523590042
gated_prediction_only_seed101,2011-03-01,A006,0.7926596999168396,0.0082640608342211
gated_prediction_only_seed101,2011-03-01,A007,0.5889780521392822,0.012252245859251
gated_prediction_only_seed101,2011-03-01,A008,0.8388774394989014,0.0321552817867419
gated_prediction_only_seed101,2011-03-01,A009,0.6280614137649536,0.0004529099813704
gated_prediction_only_seed101,2011-03-01,A010,0.8000386953353882,0.0071152307256658
gated_prediction_only_seed101,2011-03-01,A011,0.2075688689947128,-0.0356057037997052
gated_prediction_only_seed101,2011-03-01,A012,0.7141174077987671,0.0015808356907213
gated_prediction_only_seed101,2011-03-01,A013,0.4636081755161285,-0.0058673968646965
gated_prediction_only_seed101,2011-03-01,A014,0.5704872608184814,-0.0085007202899295
gated_prediction_only_seed101,2011-03-01,A015,0.6419214606285095,0.0106955246094036
gated_prediction_only_seed101,2011-03-01,A016,0.1770286858081817,-0.0392086151152925
gated_prediction_only_seed101,2011-03-01,A017,0.3645412623882293,-0.0072768829319287
gated_prediction_only_seed101,2011-03-01,A018,0.8024815320968628,0.026345035576371
gated_prediction_only_seed101,2011-03-01,A019,0.3252505362033844,-0.0178233080710083
gated_prediction_only_seed101,2011-04-01,A000,0.4965026974678039,-0.0284712553573274
gated_prediction_only_seed101,2011-04-01,A001,0.8075509071350098,0.0374684930542903
gated_prediction_only_seed101,2011-04-01,A002,0.7519056797027588,0.0153320207874357
gated_prediction_only_seed101,2011-04-01,A003,0.8395545482635498,0.0417487616915204
gated_prediction_only_seed101,2011-04-01,A004,0.8256947994232178,0.0275171262288646
gated_prediction_only_seed101,2011-04-01,A005,0.3856658637523651,-0.0269750754206587
gated_prediction_only_seed101,2011-04-01,A006,0.2611073553562164,-0.0072868079205745
gated_prediction_only_seed101,2011-04-01,A007,0.8265583515167236,0.029437913642112
gated_prediction_only_seed101,2011-04-01,A008,0.6318134069442749,-0.0071474110263847
gated_prediction_only_seed101,2011-04-01,A009,0.8614768385887146,0.030826341403618
gated_prediction_only_seed101,2011-04-01,A010,0.4849908947944641,-0.0027607489173568
gated_prediction_only_seed101,2011-04-01,A011,0.8382903337478638,0.0275263432520944
gated_prediction_only_seed101,2011-04-01,A012,0.3244288563728332,-0.0209478003853413
gated_prediction_only_seed101,2011-04-01,A013,0.278557538986206,-0.0231598584682176
gated_prediction_only_seed101,2011-04-01,A014,0.815080463886261,0.0339727940864105
gated_prediction_only_seed101,2011-04-01,A015,0.203792855143547,-0.0225487104062226
gated_prediction_only_seed101,2011-04-01,A016,0.6492230892181396,0.0217932468323851
gated_prediction_only_seed101,2011-04-01,A017,0.2811028063297272,-0.0366982213619263
gated_prediction_only_seed101,2011-04-01,A018,0.8641157150268555,0.0472669249290673
gated_prediction_only_seed101,2011-04-01,A019,0.4489933848381042,-0.013511000838171
gated_prediction_only_seed101,2011-05-01,A000,0.8504433035850525,0.0351443163840719
gated_prediction_only_seed101,2011-05-01,A001,0.7728846073150635,-0.0112941982293964
gated_prediction_only_seed101,2011-05-01,A002,0.5737227201461792,0.0094350436850978
gated_prediction_only_seed101,2011-05-01,A003,0.8535982966423035,0.0179891819122189
gated_prediction_only_seed101,2011-05-01,A004,0.7659519910812378,0.0294091612958136
gated_prediction_only_seed101,2011-05-01,A005,0.391984611749649,-0.014621368265663
gated_prediction_only_seed101,2011-05-01,A006,0.4228609502315521,-0.0049513982054179
gated_prediction_only_seed101,2011-05-01,A007,0.7390886545181274,0.0422658169760727
gated_prediction_only_seed101,2011-05-01,A008,0.5911428332328796,-0.010775518984278
gated_prediction_only_seed101,2011-05-01,A009,0.6546620726585388,0.0028752680999329
gated_prediction_only_seed101,2011-05-01,A010,0.5537765026092529,-0.0099410447293096
gated_prediction_only_seed101,2011-05-01,A011,0.8221675753593445,0.0358200578109382
gated_prediction_only_seed101,2011-05-01,A012,0.2516103684902191,-0.0281948584714765
gated_prediction_only_seed101,2011-05-01,A013,0.2266859263181686,-0.0433968591832211
gated_prediction_only_seed101,2011-05-01,A014,0.4524612128734588,-0.0140923719989727
gated_prediction_only_seed101,2011-05-01,A015,0.4849974811077118,0.0155522271766558
gated_prediction_only_seed101,2011-05-01,A016,0.5326399803161621,0.0115065283482093
gated_prediction_only_seed101,2011-05-01,A017,0.2282869964838028,-0.0230481905109516
gated_prediction_only_seed101,2011-05-01,A018,0.5728252530097961,0.0156939176198423
gated_prediction_only_seed101,2011-05-01,A019,0.6328762769699097,0.0097436254850538
gated_prediction_only_seed101,2011-06-01,A000,0.7761724591255188,0.0158302880065404
gated_prediction_only_seed101,2011-06-01,A001,0.6069250106811523,-0.0059785027884293
gated_prediction_only_seed101,2011-06-01,A002,0.396686315536499,-0.0213402654454322
gated_prediction_only_seed101,2011-06-01,A003,0.5676050782203674,-0.0261243257827932
gated_prediction_only_seed101,2011-06-01,A004,0.7570793628692627,0.0108791824319921
gated_prediction_only_seed101,2011-06-01,A005,0.5461370348930359,0.0062486640234391
gated_prediction_only_seed101,2011-06-01,A006,0.5921801328659058,0.0305123578001777
gated_prediction_only_seed101,2011-06-01,A007,0.274382084608078,-0.0139338085161223
gated_prediction_only_seed101,2011-06-01,A008,0.2837410569190979,-0.0394967222654292
gated_prediction_only_seed101,2011-06-01,A009,0.8130484819412231,0.0262700164530265
gated_prediction_only_seed101,2011-06-01,A010,0.3220624327659607,-0.0159418853594593
gated_prediction_only_seed101,2011-06-01,A011,0.7857902646064758,0.0211179079538988
gated_prediction_only_seed101,2011-06-01,A012,0.6536224484443665,0.0060045119715519
gated_prediction_only_seed101,2011-06-01,A013,0.296773761510849,-0.0353972879718166
gated_prediction_only_seed101,2011-06-01,A014,0.6435607671737671,0.0082926534859372
gated_prediction_only_seed101,2011-06-01,A015,0.6182486414909363,0.0011630571447451
gated_prediction_only_seed101,2011-06-01,A016,0.8041949272155762,0.0389950136808114
gated_prediction_only_seed101,2011-06-01,A017,0.260750263929367,-0.0318501890197144
gated_prediction_only_seed101,2011-06-01,A018,0.3532939851284027,-0.0063429164985771
gated_prediction_only_seed101,2011-06-01,A019,0.3817529380321502,-0.0130218083944898
gated_prediction_only_seed101,2011-07-01,A000,0.251225471496582,-0.0329521905707636
gated_prediction_only_seed101,2011-07-01,A001,0.8400522470474243,0.0264426042541644
gated_prediction_only_seed101,2011-07-01,A002,0.5111508369445801,-0.0265987287515734
gated_prediction_only_seed101,2011-07-01,A003,0.2166459113359451,-0.0188198039479752
gated_prediction_only_seed101,2011-07-01,A004,0.7655450105667114,0.0120148286132278
gated_prediction_only_seed101,2011-07-01,A005,0.2190403342247009,-0.054823195543119
gated_prediction_only_seed101,2011-07-01,A006,0.4189914464950561,-0.0080954658437524
gated_prediction_only_seed101,2011-07-01,A007,0.6485170125961304,0.0087156406153949
gated_prediction_only_seed101,2011-07-01,A008,0.6486949324607849,0.0187418564159157
gated_prediction_only_seed101,2011-07-01,A009,0.580158531665802,-0.0022131928781539
gated_prediction_only_seed101,2011-07-01,A010,0.2786589860916137,-0.0267272499354414
gated_prediction_only_seed101,2011-07-01,A011,0.8476510047912598,0.0399293167566066
gated_prediction_only_seed101,2011-07-01,A012,0.7752358913421631,0.0214597467914956
gated_prediction_only_seed101,2011-07-01,A013,0.2097731232643127,-0.0336773339816415
gated_prediction_only_seed101,2011-07-01,A014,0.8086867332458496,0.0348820873680171
gated_prediction_only_seed101,2011-07-01,A015,0.8452878594398499,0.0223516376476695
gated_prediction_only_seed101,2011-07-01,A016,0.8240833282470703,0.0373489761704721
gated_prediction_only_seed101,2011-07-01,A017,0.5598118305206299,0.0080706728059094
gated_prediction_only_seed101,2011-07-01,A018,0.6036326885223389,-0.0142589149208928
gated_prediction_only_seed101,2011-07-01,A019,0.223536342382431,-0.0215516577401235
gated_prediction_only_seed101,2011-08-01,A000,0.2660004198551178,-0.0227136007249623
gated_prediction_only_seed101,2011-08-01,A001,0.8257999420166016,0.0475622139810058
gated_prediction_only_seed101,2011-08-01,A002,0.3474163711071014,-0.0294892127512378
gated_prediction_only_seed101,2011-08-01,A003,0.2158610224723816,-0.0455428157443897
gated_prediction_only_seed101,2011-08-01,A004,0.2758940756320953,0.004974856377802
gated_prediction_only_seed101,2011-08-01,A005,0.2319419831037521,-0.0421790998857631
gated_prediction_only_seed101,2011-08-01,A006,0.3252407312393188,-0.0267003770058086
gated_prediction_only_seed101,2011-08-01,A007,0.753666877746582,0.0291197782689658
gated_prediction_only_seed101,2011-08-01,A008,0.5702543258666992,0.003818541257328
gated_prediction_only_seed101,2011-08-01,A009,0.3451822102069855,-0.020655086067932
gated_prediction_only_seed101,2011-08-01,A010,0.3192296624183655,-0.0346155235279207
gated_prediction_only_seed101,2011-08-01,A011,0.8276776075363159,0.0168341560596324
gated_prediction_only_seed101,2011-08-01,A012,0.2263157367706298,-0.0388296694064998
gated_prediction_only_seed101,2011-08-01,A013,0.2203783690929412,-0.0277379961502665
gated_prediction_only_seed101,2011-08-01,A014,0.8275158405303955,0.0328229613175063
gated_prediction_only_seed101,2011-08-01,A015,0.5590042471885681,0.014903273700356
gated_prediction_only_seed101,2011-08-01,A016,0.6688300371170044,0.0178342420866714
gated_prediction_only_seed101,2011-08-01,A017,0.3650745749473572,-0.0172005573449259
gated_prediction_only_seed101,2011-08-01,A018,0.7653282284736633,0.0015819181569259
gated_prediction_only_seed101,2011-08-01,A019,0.4851324558258056,-0.0297117978320962
